"","year","year_trt","trt","site_name","site_code","block","plot","subplot","mass","category","live"
"56049",2015,0,"Control","Slieve Carran","burren.ie",1,1,"A",0.2,"BRYOPHYTE","1"
"56050",2015,0,"Control","Slieve Carran","burren.ie",1,1,"A",102.5,"FORB","1"
"56051",2015,0,"Control","Slieve Carran","burren.ie",1,1,"A",96.75,"GRAMINOID","1"
"56052",2015,0,"Control","Slieve Carran","burren.ie",1,1,"A",17.2,"LEGUME","1"
"56053",2015,0,"Control","Slieve Carran","burren.ie",1,1,"A",139.65,"LITTER","0"
"56054",2015,0,"PK","Slieve Carran","burren.ie",1,2,"B",59.1,"FORB","1"
"56055",2015,0,"PK","Slieve Carran","burren.ie",1,2,"B",175.25,"GRAMINOID","1"
"56056",2015,0,"PK","Slieve Carran","burren.ie",1,2,"B",13.25,"LEGUME","1"
"56057",2015,0,"PK","Slieve Carran","burren.ie",1,2,"B",146.7,"LITTER","0"
"56058",2015,0,"NK","Slieve Carran","burren.ie",1,3,"D",0.05,"BRYOPHYTE","1"
"56059",2015,0,"NK","Slieve Carran","burren.ie",1,3,"D",89.2,"FORB","1"
"56060",2015,0,"NK","Slieve Carran","burren.ie",1,3,"D",150.25,"GRAMINOID","1"
"56061",2015,0,"NK","Slieve Carran","burren.ie",1,3,"D",14.9,"LEGUME","1"
"56062",2015,0,"NK","Slieve Carran","burren.ie",1,3,"D",86.55,"LITTER","0"
"56063",2015,0,"NP","Slieve Carran","burren.ie",1,4,"D",0.1,"BRYOPHYTE","1"
"56064",2015,0,"NP","Slieve Carran","burren.ie",1,4,"D",112.25,"FORB","1"
"56065",2015,0,"NP","Slieve Carran","burren.ie",1,4,"D",86.45,"GRAMINOID","1"
"56066",2015,0,"NP","Slieve Carran","burren.ie",1,4,"D",15,"LEGUME","1"
"56067",2015,0,"NP","Slieve Carran","burren.ie",1,4,"D",107.45,"LITTER","0"
"56068",2015,0,"Fence","Slieve Carran","burren.ie",1,5,"A",81.85,"FORB","1"
"56069",2015,0,"Fence","Slieve Carran","burren.ie",1,5,"A",131.8,"GRAMINOID","1"
"56070",2015,0,"Fence","Slieve Carran","burren.ie",1,5,"A",18.75,"LEGUME","1"
"56071",2015,0,"Fence","Slieve Carran","burren.ie",1,5,"A",200.15,"LITTER","0"
"56072",2015,0,"NPK+Fence","Slieve Carran","burren.ie",1,6,"B",65.55,"FORB","1"
"56073",2015,0,"NPK+Fence","Slieve Carran","burren.ie",1,6,"B",201.5,"GRAMINOID","1"
"56074",2015,0,"NPK+Fence","Slieve Carran","burren.ie",1,6,"B",7.05,"LEGUME","1"
"56075",2015,0,"NPK+Fence","Slieve Carran","burren.ie",1,6,"B",185.2,"LITTER","0"
"56076",2015,0,"P","Slieve Carran","burren.ie",1,7,"C",82.1,"FORB","1"
"56077",2015,0,"P","Slieve Carran","burren.ie",1,7,"C",144,"GRAMINOID","1"
"56078",2015,0,"P","Slieve Carran","burren.ie",1,7,"C",9.15,"LEGUME","1"
"56079",2015,0,"P","Slieve Carran","burren.ie",1,7,"C",169.55,"LITTER","0"
"56080",2015,0,"N","Slieve Carran","burren.ie",1,8,"C",117.4,"FORB","1"
"56081",2015,0,"N","Slieve Carran","burren.ie",1,8,"C",118.4,"GRAMINOID","1"
"56082",2015,0,"N","Slieve Carran","burren.ie",1,8,"C",12.3,"LEGUME","1"
"56083",2015,0,"N","Slieve Carran","burren.ie",1,8,"C",181.85,"LITTER","0"
"56084",2015,0,"K","Slieve Carran","burren.ie",1,9,"D",0.25,"BRYOPHYTE","1"
"56085",2015,0,"K","Slieve Carran","burren.ie",1,9,"D",76.75,"FORB","1"
"56086",2015,0,"K","Slieve Carran","burren.ie",1,9,"D",191.4,"GRAMINOID","1"
"56087",2015,0,"K","Slieve Carran","burren.ie",1,9,"D",25.8,"LEGUME","1"
"56088",2015,0,"K","Slieve Carran","burren.ie",1,9,"D",165.4,"LITTER","0"
"56089",2015,0,"NPK","Slieve Carran","burren.ie",1,10,"D",0.05,"BRYOPHYTE","1"
"56090",2015,0,"NPK","Slieve Carran","burren.ie",1,10,"D",88.75,"FORB","1"
"56091",2015,0,"NPK","Slieve Carran","burren.ie",1,10,"D",160.6,"GRAMINOID","1"
"56092",2015,0,"NPK","Slieve Carran","burren.ie",1,10,"D",6.65,"LEGUME","1"
"56093",2015,0,"NPK","Slieve Carran","burren.ie",1,10,"D",105.6,"LITTER","0"
"56094",2015,0,"K","Slieve Carran","burren.ie",2,11,"A",0.7,"BRYOPHYTE","1"
"56095",2015,0,"K","Slieve Carran","burren.ie",2,11,"A",81.6,"FORB","1"
"56096",2015,0,"K","Slieve Carran","burren.ie",2,11,"A",117.35,"GRAMINOID","1"
"56097",2015,0,"K","Slieve Carran","burren.ie",2,11,"A",27.55,"LEGUME","1"
"56098",2015,0,"K","Slieve Carran","burren.ie",2,11,"A",134.7,"LITTER","0"
"56099",2015,0,"NK","Slieve Carran","burren.ie",2,12,"C",1.45,"BRYOPHYTE","1"
"56100",2015,0,"NK","Slieve Carran","burren.ie",2,12,"C",42.4,"FORB","1"
"56101",2015,0,"NK","Slieve Carran","burren.ie",2,12,"C",167.35,"GRAMINOID","1"
"56102",2015,0,"NK","Slieve Carran","burren.ie",2,12,"C",4.4,"LEGUME","1"
"56103",2015,0,"NK","Slieve Carran","burren.ie",2,12,"C",136.7,"LITTER","0"
"56104",2015,0,"NK","Slieve Carran","burren.ie",2,12,"C",8.25,"WOODY","1"
"56105",2015,0,"P","Slieve Carran","burren.ie",2,13,"B",3.3,"BRYOPHYTE","1"
"56106",2015,0,"P","Slieve Carran","burren.ie",2,13,"B",77.75,"FORB","1"
"56107",2015,0,"P","Slieve Carran","burren.ie",2,13,"B",71,"GRAMINOID","1"
"56108",2015,0,"P","Slieve Carran","burren.ie",2,13,"B",9.45,"LEGUME","1"
"56109",2015,0,"P","Slieve Carran","burren.ie",2,13,"B",158.1,"LITTER","0"
"56110",2015,0,"NPK","Slieve Carran","burren.ie",2,14,"D",2.55,"BRYOPHYTE","1"
"56111",2015,0,"NPK","Slieve Carran","burren.ie",2,14,"D",65.35,"FORB","1"
"56112",2015,0,"NPK","Slieve Carran","burren.ie",2,14,"D",113.4,"GRAMINOID","1"
"56113",2015,0,"NPK","Slieve Carran","burren.ie",2,14,"D",9.4,"LEGUME","1"
"56114",2015,0,"NPK","Slieve Carran","burren.ie",2,14,"D",164,"LITTER","0"
"56115",2015,0,"N","Slieve Carran","burren.ie",2,15,"D",2.4,"BRYOPHYTE","1"
"56116",2015,0,"N","Slieve Carran","burren.ie",2,15,"D",42.4,"FORB","1"
"56117",2015,0,"N","Slieve Carran","burren.ie",2,15,"D",167.35,"GRAMINOID","1"
"56118",2015,0,"N","Slieve Carran","burren.ie",2,15,"D",4.4,"LEGUME","1"
"56119",2015,0,"N","Slieve Carran","burren.ie",2,15,"D",334,"LITTER","0"
"56120",2015,0,"N","Slieve Carran","burren.ie",2,15,"D",8.25,"WOODY","1"
"56121",2015,0,"NPK+Fence","Slieve Carran","burren.ie",2,16,"C",1.2,"BRYOPHYTE","1"
"56122",2015,0,"NPK+Fence","Slieve Carran","burren.ie",2,16,"C",104.05,"FORB","1"
"56123",2015,0,"NPK+Fence","Slieve Carran","burren.ie",2,16,"C",95.45,"GRAMINOID","1"
"56124",2015,0,"NPK+Fence","Slieve Carran","burren.ie",2,16,"C",17.2,"LEGUME","1"
"56125",2015,0,"NPK+Fence","Slieve Carran","burren.ie",2,16,"C",71.4,"LITTER","0"
"56126",2015,0,"Control","Slieve Carran","burren.ie",2,17,"B",2.7,"BRYOPHYTE","1"
"56127",2015,0,"Control","Slieve Carran","burren.ie",2,17,"B",97.9,"FORB","1"
"56128",2015,0,"Control","Slieve Carran","burren.ie",2,17,"B",87.8,"GRAMINOID","1"
"56129",2015,0,"Control","Slieve Carran","burren.ie",2,17,"B",13.6,"LEGUME","1"
"56130",2015,0,"Control","Slieve Carran","burren.ie",2,17,"B",168.15,"LITTER","0"
"56131",2015,0,"Control","Slieve Carran","burren.ie",2,17,"B",19.2,"WOODY","1"
"56132",2015,0,"Fence","Slieve Carran","burren.ie",2,18,"B",75.35,"FORB","1"
"56133",2015,0,"Fence","Slieve Carran","burren.ie",2,18,"B",97.5,"GRAMINOID","1"
"56134",2015,0,"Fence","Slieve Carran","burren.ie",2,18,"B",7.75,"LEGUME","1"
"56135",2015,0,"Fence","Slieve Carran","burren.ie",2,18,"B",322,"LITTER","0"
"56136",2015,0,"NP","Slieve Carran","burren.ie",2,19,"A",1.2,"BRYOPHYTE","1"
"56137",2015,0,"NP","Slieve Carran","burren.ie",2,19,"A",35.3,"FORB","1"
"56138",2015,0,"NP","Slieve Carran","burren.ie",2,19,"A",186.15,"GRAMINOID","1"
"56139",2015,0,"NP","Slieve Carran","burren.ie",2,19,"A",13.1,"LEGUME","1"
"56140",2015,0,"NP","Slieve Carran","burren.ie",2,19,"A",198.55,"LITTER","0"
"56141",2015,0,"PK","Slieve Carran","burren.ie",2,20,"A",7.85,"BRYOPHYTE","1"
"56142",2015,0,"PK","Slieve Carran","burren.ie",2,20,"A",32.85,"FORB","1"
"56143",2015,0,"PK","Slieve Carran","burren.ie",2,20,"A",145.95,"GRAMINOID","1"
"56144",2015,0,"PK","Slieve Carran","burren.ie",2,20,"A",3.15,"LEGUME","1"
"56145",2015,0,"PK","Slieve Carran","burren.ie",2,20,"A",452.35,"LITTER","0"
"56146",2015,0,"Fence","Slieve Carran","burren.ie",3,21,"C",11.1,"BRYOPHYTE","1"
"56147",2015,0,"Fence","Slieve Carran","burren.ie",3,21,"C",49.25,"FORB","1"
"56148",2015,0,"Fence","Slieve Carran","burren.ie",3,21,"C",182.2,"GRAMINOID","1"
"56149",2015,0,"Fence","Slieve Carran","burren.ie",3,21,"C",0.8,"LEGUME","1"
"56150",2015,0,"Fence","Slieve Carran","burren.ie",3,21,"C",319.25,"LITTER","0"
"56151",2015,0,"P","Slieve Carran","burren.ie",3,22,"D",12,"BRYOPHYTE","1"
"56152",2015,0,"P","Slieve Carran","burren.ie",3,22,"D",90.1,"FORB","1"
"56153",2015,0,"P","Slieve Carran","burren.ie",3,22,"D",117.8,"GRAMINOID","1"
"56154",2015,0,"P","Slieve Carran","burren.ie",3,22,"D",5.6,"LEGUME","1"
"56155",2015,0,"P","Slieve Carran","burren.ie",3,22,"D",168.75,"LITTER","0"
"56156",2015,0,"NPK","Slieve Carran","burren.ie",3,23,"A",7.75,"BRYOPHYTE","1"
"56157",2015,0,"NPK","Slieve Carran","burren.ie",3,23,"A",82.3,"FORB","1"
"56158",2015,0,"NPK","Slieve Carran","burren.ie",3,23,"A",104.25,"GRAMINOID","1"
"56159",2015,0,"NPK","Slieve Carran","burren.ie",3,23,"A",15.15,"LEGUME","1"
"56160",2015,0,"NPK","Slieve Carran","burren.ie",3,23,"A",156.6,"LITTER","0"
"56161",2015,0,"NPK","Slieve Carran","burren.ie",3,23,"A",20.25,"WOODY","1"
"56162",2015,0,"N","Slieve Carran","burren.ie",3,24,"C",13.8,"BRYOPHYTE","1"
"56163",2015,0,"N","Slieve Carran","burren.ie",3,24,"C",82.5,"FORB","1"
"56164",2015,0,"N","Slieve Carran","burren.ie",3,24,"C",101.1,"GRAMINOID","1"
"56165",2015,0,"N","Slieve Carran","burren.ie",3,24,"C",8.7,"LEGUME","1"
"56166",2015,0,"N","Slieve Carran","burren.ie",3,24,"C",144,"LITTER","0"
"56167",2015,0,"NP","Slieve Carran","burren.ie",3,25,"D",8.65,"BRYOPHYTE","1"
"56168",2015,0,"NP","Slieve Carran","burren.ie",3,25,"D",89.25,"FORB","1"
"56169",2015,0,"NP","Slieve Carran","burren.ie",3,25,"D",75.15,"GRAMINOID","1"
"56170",2015,0,"NP","Slieve Carran","burren.ie",3,25,"D",5.7,"LEGUME","1"
"56171",2015,0,"NP","Slieve Carran","burren.ie",3,25,"D",123.5,"LITTER","0"
"56172",2015,0,"K","Slieve Carran","burren.ie",3,26,"A",0.5,"BRYOPHYTE","1"
"56173",2015,0,"K","Slieve Carran","burren.ie",3,26,"A",71.2,"FORB","1"
"56174",2015,0,"K","Slieve Carran","burren.ie",3,26,"A",102.8,"GRAMINOID","1"
"56175",2015,0,"K","Slieve Carran","burren.ie",3,26,"A",8.95,"LEGUME","1"
"56176",2015,0,"K","Slieve Carran","burren.ie",3,26,"A",221.05,"LITTER","0"
"56177",2015,0,"NK","Slieve Carran","burren.ie",3,27,"B",1.2,"BRYOPHYTE","1"
"56178",2015,0,"NK","Slieve Carran","burren.ie",3,27,"B",72.3,"FORB","1"
"56179",2015,0,"NK","Slieve Carran","burren.ie",3,27,"B",108.4,"GRAMINOID","1"
"56180",2015,0,"NK","Slieve Carran","burren.ie",3,27,"B",3.65,"LEGUME","1"
"56181",2015,0,"NK","Slieve Carran","burren.ie",3,27,"B",88.55,"LITTER","0"
"56182",2015,0,"Control","Slieve Carran","burren.ie",3,28,"D",9.5,"BRYOPHYTE","1"
"56183",2015,0,"Control","Slieve Carran","burren.ie",3,28,"D",99.65,"FORB","1"
"56184",2015,0,"Control","Slieve Carran","burren.ie",3,28,"D",167.8,"GRAMINOID","1"
"56185",2015,0,"Control","Slieve Carran","burren.ie",3,28,"D",4.8,"LEGUME","1"
"56186",2015,0,"Control","Slieve Carran","burren.ie",3,28,"D",133.95,"LITTER","0"
"56187",2015,0,"PK","Slieve Carran","burren.ie",3,29,"D",0.7,"BRYOPHYTE","1"
"56188",2015,0,"PK","Slieve Carran","burren.ie",3,29,"D",142.15,"FORB","1"
"56189",2015,0,"PK","Slieve Carran","burren.ie",3,29,"D",154.65,"GRAMINOID","1"
"56190",2015,0,"PK","Slieve Carran","burren.ie",3,29,"D",16.65,"LEGUME","1"
"56191",2015,0,"PK","Slieve Carran","burren.ie",3,29,"D",218.8,"LITTER","0"
"56192",2015,0,"NPK+Fence","Slieve Carran","burren.ie",3,30,"A",7.7,"BRYOPHYTE","1"
"56193",2015,0,"NPK+Fence","Slieve Carran","burren.ie",3,30,"A",119.5,"FORB","1"
"56194",2015,0,"NPK+Fence","Slieve Carran","burren.ie",3,30,"A",112.75,"GRAMINOID","1"
"56195",2015,0,"NPK+Fence","Slieve Carran","burren.ie",3,30,"A",0.9,"LEGUME","1"
"56196",2015,0,"NPK+Fence","Slieve Carran","burren.ie",3,30,"A",129.25,"LITTER","0"
"56197",2016,1,"Control","Slieve Carran","burren.ie",1,1,"A",162.78,"FORB","1"
"56198",2016,1,"Control","Slieve Carran","burren.ie",1,1,"A",309.57,"GRAMINOID","1"
"56199",2016,1,"Control","Slieve Carran","burren.ie",1,1,"A",17.82,"LEGUME","1"
"56200",2016,1,"Control","Slieve Carran","burren.ie",1,1,"A",28.47,"LITTER","0"
"56201",2016,1,"PK","Slieve Carran","burren.ie",1,2,"B",136.93,"FORB","1"
"56202",2016,1,"PK","Slieve Carran","burren.ie",1,2,"B",357.4,"GRAMINOID","1"
"56203",2016,1,"PK","Slieve Carran","burren.ie",1,2,"B",50.17,"LEGUME","1"
"56204",2016,1,"PK","Slieve Carran","burren.ie",1,2,"B",43,"LITTER","0"
"56205",2016,1,"NK","Slieve Carran","burren.ie",1,3,"D",116.18,"FORB","1"
"56206",2016,1,"NK","Slieve Carran","burren.ie",1,3,"D",216.1,"GRAMINOID","1"
"56207",2016,1,"NK","Slieve Carran","burren.ie",1,3,"D",9.22,"LEGUME","1"
"56208",2016,1,"NK","Slieve Carran","burren.ie",1,3,"D",21.07,"LITTER","0"
"56209",2016,1,"NP","Slieve Carran","burren.ie",1,4,"D",125.93,"FORB","1"
"56210",2016,1,"NP","Slieve Carran","burren.ie",1,4,"D",380.02,"GRAMINOID","1"
"56211",2016,1,"NP","Slieve Carran","burren.ie",1,4,"D",82.27,"LEGUME","1"
"56212",2016,1,"NP","Slieve Carran","burren.ie",1,4,"D",24.82,"LITTER","0"
"56213",2016,1,"Fence","Slieve Carran","burren.ie",1,5,"A",1.35,"BRYOPHYTE","1"
"56214",2016,1,"Fence","Slieve Carran","burren.ie",1,5,"A",118.68,"FORB","1"
"56215",2016,1,"Fence","Slieve Carran","burren.ie",1,5,"A",432.07,"GRAMINOID","1"
"56216",2016,1,"Fence","Slieve Carran","burren.ie",1,5,"A",1.62,"LEGUME","1"
"56217",2016,1,"Fence","Slieve Carran","burren.ie",1,5,"A",31.97,"LITTER","0"
"56218",2016,1,"NPK+Fence","Slieve Carran","burren.ie",1,6,"B",128.65,"FORB","1"
"56219",2016,1,"NPK+Fence","Slieve Carran","burren.ie",1,6,"B",575.17,"GRAMINOID","1"
"56220",2016,1,"NPK+Fence","Slieve Carran","burren.ie",1,6,"B",1.2,"LEGUME","1"
"56221",2016,1,"NPK+Fence","Slieve Carran","burren.ie",1,6,"B",0,"LITTER","0"
"56222",2016,1,"P","Slieve Carran","burren.ie",1,7,"C",227.8,"FORB","1"
"56223",2016,1,"P","Slieve Carran","burren.ie",1,7,"C",481.52,"GRAMINOID","1"
"56224",2016,1,"P","Slieve Carran","burren.ie",1,7,"C",35.72,"LEGUME","1"
"56225",2016,1,"P","Slieve Carran","burren.ie",1,7,"C",31.57,"LITTER","0"
"56226",2016,1,"N","Slieve Carran","burren.ie",1,8,"C",0.05,"BRYOPHYTE","1"
"56227",2016,1,"N","Slieve Carran","burren.ie",1,8,"C",346.32,"FORB","1"
"56228",2016,1,"N","Slieve Carran","burren.ie",1,8,"C",308.77,"GRAMINOID","1"
"56229",2016,1,"N","Slieve Carran","burren.ie",1,8,"C",40.92,"LEGUME","1"
"56230",2016,1,"N","Slieve Carran","burren.ie",1,8,"C",12.62,"LITTER","0"
"56231",2016,1,"K","Slieve Carran","burren.ie",1,9,"D",0.05,"BRYOPHYTE","1"
"56232",2016,1,"K","Slieve Carran","burren.ie",1,9,"D",102.13,"FORB","1"
"56233",2016,1,"K","Slieve Carran","burren.ie",1,9,"D",332.07,"GRAMINOID","1"
"56234",2016,1,"K","Slieve Carran","burren.ie",1,9,"D",24.27,"LEGUME","1"
"56235",2016,1,"K","Slieve Carran","burren.ie",1,9,"D",3.72,"LITTER","0"
"56236",2016,1,"NPK","Slieve Carran","burren.ie",1,10,"D",217.78,"FORB","1"
"56237",2016,1,"NPK","Slieve Carran","burren.ie",1,10,"D",588.32,"GRAMINOID","1"
"56238",2016,1,"NPK","Slieve Carran","burren.ie",1,10,"D",28.62,"LEGUME","1"
"56239",2016,1,"NPK","Slieve Carran","burren.ie",1,10,"D",55.55,"LITTER","0"
"56240",2016,1,"NPK","Slieve Carran","burren.ie",1,10,"D",0.95,"WOODY","1"
"56241",2016,1,"K","Slieve Carran","burren.ie",2,11,"A",0.5,"BRYOPHYTE","1"
"56242",2016,1,"K","Slieve Carran","burren.ie",2,11,"A",235.83,"FORB","1"
"56243",2016,1,"K","Slieve Carran","burren.ie",2,11,"A",290.62,"GRAMINOID","1"
"56244",2016,1,"K","Slieve Carran","burren.ie",2,11,"A",24.47,"LEGUME","1"
"56245",2016,1,"K","Slieve Carran","burren.ie",2,11,"A",48.82,"LITTER","0"
"56246",2016,1,"NK","Slieve Carran","burren.ie",2,12,"C",0.7,"BRYOPHYTE","1"
"56247",2016,1,"NK","Slieve Carran","burren.ie",2,12,"C",239,"FORB","1"
"56248",2016,1,"NK","Slieve Carran","burren.ie",2,12,"C",502.02,"GRAMINOID","1"
"56249",2016,1,"NK","Slieve Carran","burren.ie",2,12,"C",13.82,"LEGUME","1"
"56250",2016,1,"NK","Slieve Carran","burren.ie",2,12,"C",14.27,"LITTER","0"
"56251",2016,1,"P","Slieve Carran","burren.ie",2,13,"B",91.92,"FORB","1"
"56252",2016,1,"P","Slieve Carran","burren.ie",2,13,"B",364.72,"GRAMINOID","1"
"56253",2016,1,"P","Slieve Carran","burren.ie",2,13,"B",54.4,"LEGUME","1"
"56254",2016,1,"P","Slieve Carran","burren.ie",2,13,"B",10.1,"LITTER","0"
"56255",2016,1,"NPK","Slieve Carran","burren.ie",2,14,"D",0.1,"BRYOPHYTE","1"
"56256",2016,1,"NPK","Slieve Carran","burren.ie",2,14,"D",100.38,"FORB","1"
"56257",2016,1,"NPK","Slieve Carran","burren.ie",2,14,"D",326.87,"GRAMINOID","1"
"56258",2016,1,"NPK","Slieve Carran","burren.ie",2,14,"D",1.42,"LEGUME","1"
"56259",2016,1,"NPK","Slieve Carran","burren.ie",2,14,"D",0,"LITTER","0"
"56260",2016,1,"N","Slieve Carran","burren.ie",2,15,"D",303.57,"FORB","1"
"56261",2016,1,"N","Slieve Carran","burren.ie",2,15,"D",440.12,"GRAMINOID","1"
"56262",2016,1,"N","Slieve Carran","burren.ie",2,15,"D",6.62,"LEGUME","1"
"56263",2016,1,"N","Slieve Carran","burren.ie",2,15,"D",263.97,"LITTER","0"
"56264",2016,1,"N","Slieve Carran","burren.ie",2,15,"D",22.22,"WOODY","1"
"56265",2016,1,"NPK+Fence","Slieve Carran","burren.ie",2,16,"C",113.25,"FORB","1"
"56266",2016,1,"NPK+Fence","Slieve Carran","burren.ie",2,16,"C",671.97,"GRAMINOID","1"
"56267",2016,1,"NPK+Fence","Slieve Carran","burren.ie",2,16,"C",19.32,"LEGUME","1"
"56268",2016,1,"NPK+Fence","Slieve Carran","burren.ie",2,16,"C",23.07,"LITTER","0"
"56269",2016,1,"Control","Slieve Carran","burren.ie",2,17,"B",0.6,"BRYOPHYTE","1"
"56270",2016,1,"Control","Slieve Carran","burren.ie",2,17,"B",120.2,"FORB","1"
"56271",2016,1,"Control","Slieve Carran","burren.ie",2,17,"B",412.92,"GRAMINOID","1"
"56272",2016,1,"Control","Slieve Carran","burren.ie",2,17,"B",14.97,"LEGUME","1"
"56273",2016,1,"Control","Slieve Carran","burren.ie",2,17,"B",17.72,"LITTER","0"
"56274",2016,1,"Fence","Slieve Carran","burren.ie",2,18,"B",153.68,"FORB","1"
"56275",2016,1,"Fence","Slieve Carran","burren.ie",2,18,"B",712.42,"GRAMINOID","1"
"56276",2016,1,"Fence","Slieve Carran","burren.ie",2,18,"B",6.17,"LEGUME","1"
"56277",2016,1,"Fence","Slieve Carran","burren.ie",2,18,"B",0,"LITTER","0"
"56278",2016,1,"NP","Slieve Carran","burren.ie",2,19,"A",178.23,"FORB","1"
"56279",2016,1,"NP","Slieve Carran","burren.ie",2,19,"A",678.02,"GRAMINOID","1"
"56280",2016,1,"NP","Slieve Carran","burren.ie",2,19,"A",9.52,"LEGUME","1"
"56281",2016,1,"NP","Slieve Carran","burren.ie",2,19,"A",28.17,"LITTER","0"
"56282",2016,1,"PK","Slieve Carran","burren.ie",2,20,"A",14.97,"FORB","1"
"56283",2016,1,"PK","Slieve Carran","burren.ie",2,20,"A",589.02,"GRAMINOID","1"
"56284",2016,1,"PK","Slieve Carran","burren.ie",2,20,"A",1,"LEGUME","1"
"56285",2016,1,"PK","Slieve Carran","burren.ie",2,20,"A",256.52,"LITTER","0"
"56286",2016,1,"Fence","Slieve Carran","burren.ie",3,21,"C",6.45,"BRYOPHYTE","1"
"56287",2016,1,"Fence","Slieve Carran","burren.ie",3,21,"C",64.83,"FORB","1"
"56288",2016,1,"Fence","Slieve Carran","burren.ie",3,21,"C",458.92,"GRAMINOID","1"
"56289",2016,1,"Fence","Slieve Carran","burren.ie",3,21,"C",2.4,"LEGUME","1"
"56290",2016,1,"Fence","Slieve Carran","burren.ie",3,21,"C",108.97,"LITTER","0"
"56291",2016,1,"Fence","Slieve Carran","burren.ie",3,21,"C",17.37,"WOODY","1"
"56292",2016,1,"P","Slieve Carran","burren.ie",3,22,"D",0.5,"BRYOPHYTE","1"
"56293",2016,1,"P","Slieve Carran","burren.ie",3,22,"D",87.35,"FORB","1"
"56294",2016,1,"P","Slieve Carran","burren.ie",3,22,"D",383.62,"GRAMINOID","1"
"56295",2016,1,"P","Slieve Carran","burren.ie",3,22,"D",181.97,"LEGUME","1"
"56296",2016,1,"P","Slieve Carran","burren.ie",3,22,"D",146.22,"LITTER","0"
"56297",2016,1,"NPK","Slieve Carran","burren.ie",3,23,"A",0.9,"BRYOPHYTE","1"
"56298",2016,1,"NPK","Slieve Carran","burren.ie",3,23,"A",129.45,"FORB","1"
"56299",2016,1,"NPK","Slieve Carran","burren.ie",3,23,"A",436.97,"GRAMINOID","1"
"56300",2016,1,"NPK","Slieve Carran","burren.ie",3,23,"A",0.5,"LEGUME","1"
"56301",2016,1,"NPK","Slieve Carran","burren.ie",3,23,"A",24.32,"LITTER","0"
"56302",2016,1,"N","Slieve Carran","burren.ie",3,24,"C",5.8,"BRYOPHYTE","1"
"56303",2016,1,"N","Slieve Carran","burren.ie",3,24,"C",104.75,"FORB","1"
"56304",2016,1,"N","Slieve Carran","burren.ie",3,24,"C",656.12,"GRAMINOID","1"
"56305",2016,1,"N","Slieve Carran","burren.ie",3,24,"C",8.12,"LEGUME","1"
"56306",2016,1,"N","Slieve Carran","burren.ie",3,24,"C",22.52,"LITTER","0"
"56307",2016,1,"NP","Slieve Carran","burren.ie",3,25,"D",5.35,"BRYOPHYTE","1"
"56308",2016,1,"NP","Slieve Carran","burren.ie",3,25,"D",107.4,"FORB","1"
"56309",2016,1,"NP","Slieve Carran","burren.ie",3,25,"D",349.17,"GRAMINOID","1"
"56310",2016,1,"NP","Slieve Carran","burren.ie",3,25,"D",5.62,"LEGUME","1"
"56311",2016,1,"NP","Slieve Carran","burren.ie",3,25,"D",12.57,"LITTER","0"
"56312",2016,1,"K","Slieve Carran","burren.ie",3,26,"A",1.5,"BRYOPHYTE","1"
"56313",2016,1,"K","Slieve Carran","burren.ie",3,26,"A",124.3,"FORB","1"
"56314",2016,1,"K","Slieve Carran","burren.ie",3,26,"A",378.22,"GRAMINOID","1"
"56315",2016,1,"K","Slieve Carran","burren.ie",3,26,"A",1.97,"LEGUME","1"
"56316",2016,1,"K","Slieve Carran","burren.ie",3,26,"A",14.82,"LITTER","0"
"56317",2016,1,"K","Slieve Carran","burren.ie",3,26,"A",53.87,"WOODY","1"
"56318",2016,1,"NK","Slieve Carran","burren.ie",3,27,"B",0.7,"BRYOPHYTE","1"
"56319",2016,1,"NK","Slieve Carran","burren.ie",3,27,"B",76.18,"FORB","1"
"56320",2016,1,"NK","Slieve Carran","burren.ie",3,27,"B",313.27,"GRAMINOID","1"
"56321",2016,1,"NK","Slieve Carran","burren.ie",3,27,"B",8.27,"LEGUME","1"
"56322",2016,1,"NK","Slieve Carran","burren.ie",3,27,"B",84.07,"LITTER","0"
"56323",2016,1,"Control","Slieve Carran","burren.ie",3,28,"D",3.25,"BRYOPHYTE","1"
"56324",2016,1,"Control","Slieve Carran","burren.ie",3,28,"D",92.78,"FORB","1"
"56325",2016,1,"Control","Slieve Carran","burren.ie",3,28,"D",384.52,"GRAMINOID","1"
"56326",2016,1,"Control","Slieve Carran","burren.ie",3,28,"D",40.4,"LEGUME","1"
"56327",2016,1,"Control","Slieve Carran","burren.ie",3,28,"D",77.12,"LITTER","0"
"56328",2016,1,"PK","Slieve Carran","burren.ie",3,29,"D",12.3,"BRYOPHYTE","1"
"56329",2016,1,"PK","Slieve Carran","burren.ie",3,29,"D",116.7,"FORB","1"
"56330",2016,1,"PK","Slieve Carran","burren.ie",3,29,"D",223.57,"GRAMINOID","1"
"56331",2016,1,"PK","Slieve Carran","burren.ie",3,29,"D",76.17,"LEGUME","1"
"56332",2016,1,"PK","Slieve Carran","burren.ie",3,29,"D",12.72,"LITTER","0"
"56333",2016,1,"NPK+Fence","Slieve Carran","burren.ie",3,30,"A",0.3,"BRYOPHYTE","1"
"56334",2016,1,"NPK+Fence","Slieve Carran","burren.ie",3,30,"A",57.38,"FORB","1"
"56335",2016,1,"NPK+Fence","Slieve Carran","burren.ie",3,30,"A",619.32,"GRAMINOID","1"
"56336",2016,1,"NPK+Fence","Slieve Carran","burren.ie",3,30,"A",2,"LEGUME","1"
"56337",2016,1,"NPK+Fence","Slieve Carran","burren.ie",3,30,"A",0,"LITTER","0"
"56338",2017,2,"Control","Slieve Carran","burren.ie",1,1,"A",146.05,"FORB","1"
"56339",2017,2,"Control","Slieve Carran","burren.ie",1,1,"A",229.2,"GRAMINOID","1"
"56340",2017,2,"Control","Slieve Carran","burren.ie",1,1,"A",17.55,"LEGUME","1"
"56341",2017,2,"Control","Slieve Carran","burren.ie",1,1,"A",85,"LITTER","0"
"56342",2017,2,"PK","Slieve Carran","burren.ie",1,2,"B",145.2,"FORB","1"
"56343",2017,2,"PK","Slieve Carran","burren.ie",1,2,"B",167.5,"GRAMINOID","1"
"56344",2017,2,"PK","Slieve Carran","burren.ie",1,2,"B",115,"LEGUME","1"
"56345",2017,2,"PK","Slieve Carran","burren.ie",1,2,"B",34.6,"LITTER","0"
"56346",2017,2,"NK","Slieve Carran","burren.ie",1,3,"D",130.5,"FORB","1"
"56347",2017,2,"NK","Slieve Carran","burren.ie",1,3,"D",260.65,"GRAMINOID","1"
"56348",2017,2,"NK","Slieve Carran","burren.ie",1,3,"D",11.8,"LEGUME","1"
"56349",2017,2,"NK","Slieve Carran","burren.ie",1,3,"D",36.5,"LITTER","0"
"56350",2017,2,"NP","Slieve Carran","burren.ie",1,4,"D",99,"FORB","1"
"56351",2017,2,"NP","Slieve Carran","burren.ie",1,4,"D",647.35,"GRAMINOID","1"
"56352",2017,2,"NP","Slieve Carran","burren.ie",1,4,"D",103.35,"LEGUME","1"
"56353",2017,2,"NP","Slieve Carran","burren.ie",1,4,"D",71.5,"LITTER","0"
"56354",2017,2,"Fence","Slieve Carran","burren.ie",1,5,"A",120.4,"FORB","1"
"56355",2017,2,"Fence","Slieve Carran","burren.ie",1,5,"A",424.6,"GRAMINOID","1"
"56356",2017,2,"Fence","Slieve Carran","burren.ie",1,5,"A",12.05,"LEGUME","1"
"56357",2017,2,"Fence","Slieve Carran","burren.ie",1,5,"A",72,"LITTER","0"
"56358",2017,2,"NPK+Fence","Slieve Carran","burren.ie",1,6,"B",36.55,"FORB","1"
"56359",2017,2,"NPK+Fence","Slieve Carran","burren.ie",1,6,"B",1034.4,"GRAMINOID","1"
"56360",2017,2,"NPK+Fence","Slieve Carran","burren.ie",1,6,"B",21.1,"LEGUME","1"
"56361",2017,2,"NPK+Fence","Slieve Carran","burren.ie",1,6,"B",20.8,"LITTER","0"
"56362",2017,2,"P","Slieve Carran","burren.ie",1,7,"C",27.1,"FORB","1"
"56363",2017,2,"P","Slieve Carran","burren.ie",1,7,"C",288.1,"GRAMINOID","1"
"56364",2017,2,"P","Slieve Carran","burren.ie",1,7,"C",35.35,"LEGUME","1"
"56365",2017,2,"P","Slieve Carran","burren.ie",1,7,"C",82.4,"LITTER","0"
"56366",2017,2,"N","Slieve Carran","burren.ie",1,8,"C",120.05,"FORB","1"
"56367",2017,2,"N","Slieve Carran","burren.ie",1,8,"C",305.35,"GRAMINOID","1"
"56368",2017,2,"N","Slieve Carran","burren.ie",1,8,"C",17.65,"LEGUME","1"
"56369",2017,2,"N","Slieve Carran","burren.ie",1,8,"C",82.5,"LITTER","0"
"56370",2017,2,"K","Slieve Carran","burren.ie",1,9,"D",166.65,"FORB","1"
"56371",2017,2,"K","Slieve Carran","burren.ie",1,9,"D",357.6,"GRAMINOID","1"
"56372",2017,2,"K","Slieve Carran","burren.ie",1,9,"D",37.8,"LEGUME","1"
"56373",2017,2,"K","Slieve Carran","burren.ie",1,9,"D",98.85,"LITTER","0"
"56374",2017,2,"NPK","Slieve Carran","burren.ie",1,10,"D",96.8,"FORB","1"
"56375",2017,2,"NPK","Slieve Carran","burren.ie",1,10,"D",877.5,"GRAMINOID","1"
"56376",2017,2,"NPK","Slieve Carran","burren.ie",1,10,"D",11.3,"LEGUME","1"
"56377",2017,2,"NPK","Slieve Carran","burren.ie",1,10,"D",96.55,"LITTER","0"
"56378",2017,2,"K","Slieve Carran","burren.ie",2,11,"A",95.6,"FORB","1"
"56379",2017,2,"K","Slieve Carran","burren.ie",2,11,"A",130.55,"GRAMINOID","1"
"56380",2017,2,"K","Slieve Carran","burren.ie",2,11,"A",9.7,"LEGUME","1"
"56381",2017,2,"K","Slieve Carran","burren.ie",2,11,"A",140,"LITTER","0"
"56382",2017,2,"NK","Slieve Carran","burren.ie",2,12,"C",224.9,"FORB","1"
"56383",2017,2,"NK","Slieve Carran","burren.ie",2,12,"C",296.65,"GRAMINOID","1"
"56384",2017,2,"NK","Slieve Carran","burren.ie",2,12,"C",275.05,"LITTER","0"
"56385",2017,2,"P","Slieve Carran","burren.ie",2,13,"B",146.95,"FORB","1"
"56386",2017,2,"P","Slieve Carran","burren.ie",2,13,"B",330.75,"GRAMINOID","1"
"56387",2017,2,"P","Slieve Carran","burren.ie",2,13,"B",100.8,"LEGUME","1"
"56388",2017,2,"P","Slieve Carran","burren.ie",2,13,"B",298.45,"LITTER","0"
"56389",2017,2,"NPK","Slieve Carran","burren.ie",2,14,"D",27.2,"FORB","1"
"56390",2017,2,"NPK","Slieve Carran","burren.ie",2,14,"D",445.1,"GRAMINOID","1"
"56391",2017,2,"NPK","Slieve Carran","burren.ie",2,14,"D",4.1,"LEGUME","1"
"56392",2017,2,"NPK","Slieve Carran","burren.ie",2,14,"D",64.35,"LITTER","0"
"56393",2017,2,"N","Slieve Carran","burren.ie",2,15,"D",57.6,"FORB","1"
"56394",2017,2,"N","Slieve Carran","burren.ie",2,15,"D",648.55,"GRAMINOID","1"
"56395",2017,2,"N","Slieve Carran","burren.ie",2,15,"D",0.2,"LEGUME","1"
"56396",2017,2,"N","Slieve Carran","burren.ie",2,15,"D",239.35,"LITTER","0"
"56397",2017,2,"NPK+Fence","Slieve Carran","burren.ie",2,16,"C",7,"FORB","1"
"56398",2017,2,"NPK+Fence","Slieve Carran","burren.ie",2,16,"C",948.25,"GRAMINOID","1"
"56399",2017,2,"NPK+Fence","Slieve Carran","burren.ie",2,16,"C",91.95,"LITTER","0"
"56400",2017,2,"Control","Slieve Carran","burren.ie",2,17,"B",170.3,"FORB","1"
"56401",2017,2,"Control","Slieve Carran","burren.ie",2,17,"B",273.35,"GRAMINOID","1"
"56402",2017,2,"Control","Slieve Carran","burren.ie",2,17,"B",0.05,"LEGUME","1"
"56403",2017,2,"Control","Slieve Carran","burren.ie",2,17,"B",253.35,"LITTER","0"
"56404",2017,2,"Fence","Slieve Carran","burren.ie",2,18,"B",83.55,"FORB","1"
"56405",2017,2,"Fence","Slieve Carran","burren.ie",2,18,"B",232.55,"GRAMINOID","1"
"56406",2017,2,"Fence","Slieve Carran","burren.ie",2,18,"B",387.85,"LITTER","0"
"56407",2017,2,"NP","Slieve Carran","burren.ie",2,19,"A",54,"FORB","1"
"56408",2017,2,"NP","Slieve Carran","burren.ie",2,19,"A",693,"GRAMINOID","1"
"56409",2017,2,"NP","Slieve Carran","burren.ie",2,19,"A",3.6,"LEGUME","1"
"56410",2017,2,"NP","Slieve Carran","burren.ie",2,19,"A",200.65,"LITTER","0"
"56411",2017,2,"PK","Slieve Carran","burren.ie",2,20,"A",58.7,"FORB","1"
"56412",2017,2,"PK","Slieve Carran","burren.ie",2,20,"A",827.3,"GRAMINOID","1"
"56413",2017,2,"PK","Slieve Carran","burren.ie",2,20,"A",5.1,"LEGUME","1"
"56414",2017,2,"PK","Slieve Carran","burren.ie",2,20,"A",66.45,"LITTER","0"
"56415",2017,2,"Fence","Slieve Carran","burren.ie",3,21,"C",10,"FORB","1"
"56416",2017,2,"Fence","Slieve Carran","burren.ie",3,21,"C",529.25,"GRAMINOID","1"
"56417",2017,2,"Fence","Slieve Carran","burren.ie",3,21,"C",0.1,"LEGUME","1"
"56418",2017,2,"Fence","Slieve Carran","burren.ie",3,21,"C",173.85,"LITTER","0"
"56419",2017,2,"P","Slieve Carran","burren.ie",3,22,"D",0.5,"BRYOPHYTE","1"
"56420",2017,2,"P","Slieve Carran","burren.ie",3,22,"D",89.25,"FORB","1"
"56421",2017,2,"P","Slieve Carran","burren.ie",3,22,"D",250.6,"GRAMINOID","1"
"56422",2017,2,"P","Slieve Carran","burren.ie",3,22,"D",47.95,"LEGUME","1"
"56423",2017,2,"P","Slieve Carran","burren.ie",3,22,"D",208.25,"LITTER","0"
"56424",2017,2,"NPK","Slieve Carran","burren.ie",3,23,"A",77.7,"FORB","1"
"56425",2017,2,"NPK","Slieve Carran","burren.ie",3,23,"A",867,"GRAMINOID","1"
"56426",2017,2,"NPK","Slieve Carran","burren.ie",3,23,"A",56,"LITTER","0"
"56427",2017,2,"N","Slieve Carran","burren.ie",3,24,"C",31.6,"FORB","1"
"56428",2017,2,"N","Slieve Carran","burren.ie",3,24,"C",100.9,"GRAMINOID","1"
"56429",2017,2,"N","Slieve Carran","burren.ie",3,24,"C",0.05,"LEGUME","1"
"56430",2017,2,"N","Slieve Carran","burren.ie",3,24,"C",164.55,"LITTER","0"
"56431",2017,2,"NP","Slieve Carran","burren.ie",3,25,"D",54.2,"FORB","1"
"56432",2017,2,"NP","Slieve Carran","burren.ie",3,25,"D",529.7,"GRAMINOID","1"
"56433",2017,2,"NP","Slieve Carran","burren.ie",3,25,"D",2.3,"LEGUME","1"
"56434",2017,2,"NP","Slieve Carran","burren.ie",3,25,"D",81.8,"LITTER","0"
"56435",2017,2,"K","Slieve Carran","burren.ie",3,26,"A",73.35,"FORB","1"
"56436",2017,2,"K","Slieve Carran","burren.ie",3,26,"A",246.55,"GRAMINOID","1"
"56437",2017,2,"K","Slieve Carran","burren.ie",3,26,"A",0.1,"LEGUME","1"
"56438",2017,2,"K","Slieve Carran","burren.ie",3,26,"A",174,"LITTER","0"
"56439",2017,2,"NK","Slieve Carran","burren.ie",3,27,"B",81.2,"FORB","1"
"56440",2017,2,"NK","Slieve Carran","burren.ie",3,27,"B",367.35,"GRAMINOID","1"
"56441",2017,2,"NK","Slieve Carran","burren.ie",3,27,"B",1.3,"LEGUME","1"
"56442",2017,2,"NK","Slieve Carran","burren.ie",3,27,"B",293.25,"LITTER","0"
"56443",2017,2,"Control","Slieve Carran","burren.ie",3,28,"D",38.1,"FORB","1"
"56444",2017,2,"Control","Slieve Carran","burren.ie",3,28,"D",129.75,"GRAMINOID","1"
"56445",2017,2,"Control","Slieve Carran","burren.ie",3,28,"D",1.3,"LEGUME","1"
"56446",2017,2,"Control","Slieve Carran","burren.ie",3,28,"D",258.7,"LITTER","0"
"56447",2017,2,"PK","Slieve Carran","burren.ie",3,29,"D",81.1,"FORB","1"
"56448",2017,2,"PK","Slieve Carran","burren.ie",3,29,"D",113.05,"GRAMINOID","1"
"56449",2017,2,"PK","Slieve Carran","burren.ie",3,29,"D",280.3,"LEGUME","1"
"56450",2017,2,"PK","Slieve Carran","burren.ie",3,29,"D",344.3,"LITTER","0"
"56451",2017,2,"NPK+Fence","Slieve Carran","burren.ie",3,30,"A",48.25,"FORB","1"
"56452",2017,2,"NPK+Fence","Slieve Carran","burren.ie",3,30,"A",528,"GRAMINOID","1"
"56453",2017,2,"NPK+Fence","Slieve Carran","burren.ie",3,30,"A",1.9,"LITTER","0"
"56454",2018,3,"Control","Slieve Carran","burren.ie",1,1,"A",5.05,"BRYOPHYTE","1"
"56455",2018,3,"Control","Slieve Carran","burren.ie",1,1,"A",289.65,"FORB","1"
"56456",2018,3,"Control","Slieve Carran","burren.ie",1,1,"A",294,"GRAMINOID","1"
"56457",2018,3,"Control","Slieve Carran","burren.ie",1,1,"A",29.15,"LEGUME","1"
"56458",2018,3,"Control","Slieve Carran","burren.ie",1,1,"A",266.05,"LITTER","0"
"56459",2018,3,"PK","Slieve Carran","burren.ie",1,2,"B",193,"FORB","1"
"56460",2018,3,"PK","Slieve Carran","burren.ie",1,2,"B",372.4,"GRAMINOID","1"
"56461",2018,3,"PK","Slieve Carran","burren.ie",1,2,"B",29,"LEGUME","1"
"56462",2018,3,"PK","Slieve Carran","burren.ie",1,2,"B",104.25,"LITTER","0"
"56463",2018,3,"NK","Slieve Carran","burren.ie",1,3,"D",151.05,"FORB","1"
"56464",2018,3,"NK","Slieve Carran","burren.ie",1,3,"D",345.5,"GRAMINOID","1"
"56465",2018,3,"NK","Slieve Carran","burren.ie",1,3,"D",6.55,"LEGUME","1"
"56466",2018,3,"NK","Slieve Carran","burren.ie",1,3,"D",316.2,"LITTER","0"
"56467",2018,3,"NP","Slieve Carran","burren.ie",1,4,"D",312.15,"FORB","1"
"56468",2018,3,"NP","Slieve Carran","burren.ie",1,4,"D",486,"GRAMINOID","1"
"56469",2018,3,"NP","Slieve Carran","burren.ie",1,4,"D",13.3,"LEGUME","1"
"56470",2018,3,"NP","Slieve Carran","burren.ie",1,4,"D",145.6,"LITTER","0"
"56471",2018,3,"Fence","Slieve Carran","burren.ie",1,5,"A",0.85,"BRYOPHYTE","1"
"56472",2018,3,"Fence","Slieve Carran","burren.ie",1,5,"A",114.55,"FORB","1"
"56473",2018,3,"Fence","Slieve Carran","burren.ie",1,5,"A",816.95,"GRAMINOID","1"
"56474",2018,3,"Fence","Slieve Carran","burren.ie",1,5,"A",34.15,"LEGUME","1"
"56475",2018,3,"Fence","Slieve Carran","burren.ie",1,5,"A",367.6,"LITTER","0"
"56476",2018,3,"NPK+Fence","Slieve Carran","burren.ie",1,6,"B",2.6,"FORB","1"
"56477",2018,3,"NPK+Fence","Slieve Carran","burren.ie",1,6,"B",403.3,"GRAMINOID","1"
"56478",2018,3,"NPK+Fence","Slieve Carran","burren.ie",1,6,"B",14.75,"LEGUME","1"
"56479",2018,3,"NPK+Fence","Slieve Carran","burren.ie",1,6,"B",219.25,"LITTER","0"
"56480",2018,3,"P","Slieve Carran","burren.ie",1,7,"C",267.7,"FORB","1"
"56481",2018,3,"P","Slieve Carran","burren.ie",1,7,"C",520.75,"GRAMINOID","1"
"56482",2018,3,"P","Slieve Carran","burren.ie",1,7,"C",26.2,"LEGUME","1"
"56483",2018,3,"P","Slieve Carran","burren.ie",1,7,"C",302.8,"LITTER","0"
"56484",2018,3,"N","Slieve Carran","burren.ie",1,8,"C",239.7,"FORB","1"
"56485",2018,3,"N","Slieve Carran","burren.ie",1,8,"C",417.4,"GRAMINOID","1"
"56486",2018,3,"N","Slieve Carran","burren.ie",1,8,"C",16.45,"LEGUME","1"
"56487",2018,3,"N","Slieve Carran","burren.ie",1,8,"C",470.15,"LITTER","0"
"56488",2018,3,"K","Slieve Carran","burren.ie",1,9,"D",0.35,"BRYOPHYTE","1"
"56489",2018,3,"K","Slieve Carran","burren.ie",1,9,"D",211.95,"FORB","1"
"56490",2018,3,"K","Slieve Carran","burren.ie",1,9,"D",399.25,"GRAMINOID","1"
"56491",2018,3,"K","Slieve Carran","burren.ie",1,9,"D",14.25,"LEGUME","1"
"56492",2018,3,"K","Slieve Carran","burren.ie",1,9,"D",413.45,"LITTER","0"
"56493",2018,3,"NPK","Slieve Carran","burren.ie",1,10,"D",165.7,"FORB","1"
"56494",2018,3,"NPK","Slieve Carran","burren.ie",1,10,"D",527.3,"GRAMINOID","1"
"56495",2018,3,"NPK","Slieve Carran","burren.ie",1,10,"D",12.95,"LEGUME","1"
"56496",2018,3,"NPK","Slieve Carran","burren.ie",1,10,"D",117.2,"LITTER","0"
"56497",2018,3,"K","Slieve Carran","burren.ie",2,11,"A",0.05,"BRYOPHYTE","1"
"56498",2018,3,"K","Slieve Carran","burren.ie",2,11,"A",192.8,"FORB","1"
"56499",2018,3,"K","Slieve Carran","burren.ie",2,11,"A",277.8,"GRAMINOID","1"
"56500",2018,3,"K","Slieve Carran","burren.ie",2,11,"A",44.9,"LEGUME","1"
"56501",2018,3,"K","Slieve Carran","burren.ie",2,11,"A",345.85,"LITTER","0"
"56502",2018,3,"NK","Slieve Carran","burren.ie",2,12,"C",0.25,"BRYOPHYTE","1"
"56503",2018,3,"NK","Slieve Carran","burren.ie",2,12,"C",195.4,"FORB","1"
"56504",2018,3,"NK","Slieve Carran","burren.ie",2,12,"C",390.6,"GRAMINOID","1"
"56505",2018,3,"NK","Slieve Carran","burren.ie",2,12,"C",4.3,"LEGUME","1"
"56506",2018,3,"NK","Slieve Carran","burren.ie",2,12,"C",472.85,"LITTER","0"
"56507",2018,3,"P","Slieve Carran","burren.ie",2,13,"B",232.2,"FORB","1"
"56508",2018,3,"P","Slieve Carran","burren.ie",2,13,"B",354.65,"GRAMINOID","1"
"56509",2018,3,"P","Slieve Carran","burren.ie",2,13,"B",35.25,"LEGUME","1"
"56510",2018,3,"P","Slieve Carran","burren.ie",2,13,"B",295.8,"LITTER","0"
"56511",2018,3,"NPK","Slieve Carran","burren.ie",2,14,"D",135.65,"FORB","1"
"56512",2018,3,"NPK","Slieve Carran","burren.ie",2,14,"D",477.3,"GRAMINOID","1"
"56513",2018,3,"NPK","Slieve Carran","burren.ie",2,14,"D",7.3,"LEGUME","1"
"56514",2018,3,"NPK","Slieve Carran","burren.ie",2,14,"D",289.85,"LITTER","0"
"56515",2018,3,"N","Slieve Carran","burren.ie",2,15,"D",5.05,"BRYOPHYTE","1"
"56516",2018,3,"N","Slieve Carran","burren.ie",2,15,"D",228.95,"FORB","1"
"56517",2018,3,"N","Slieve Carran","burren.ie",2,15,"D",307.65,"GRAMINOID","1"
"56518",2018,3,"N","Slieve Carran","burren.ie",2,15,"D",1.85,"LEGUME","1"
"56519",2018,3,"N","Slieve Carran","burren.ie",2,15,"D",365.45,"LITTER","0"
"56520",2018,3,"NPK+Fence","Slieve Carran","burren.ie",2,16,"C",154.65,"FORB","1"
"56521",2018,3,"NPK+Fence","Slieve Carran","burren.ie",2,16,"C",800.1,"GRAMINOID","1"
"56522",2018,3,"NPK+Fence","Slieve Carran","burren.ie",2,16,"C",54.35,"LEGUME","1"
"56523",2018,3,"NPK+Fence","Slieve Carran","burren.ie",2,16,"C",77.8,"LITTER","0"
"56524",2018,3,"Control","Slieve Carran","burren.ie",2,17,"B",0.25,"BRYOPHYTE","1"
"56525",2018,3,"Control","Slieve Carran","burren.ie",2,17,"B",242,"FORB","1"
"56526",2018,3,"Control","Slieve Carran","burren.ie",2,17,"B",378.1,"GRAMINOID","1"
"56527",2018,3,"Control","Slieve Carran","burren.ie",2,17,"B",20.85,"LEGUME","1"
"56528",2018,3,"Control","Slieve Carran","burren.ie",2,17,"B",443.1,"LITTER","0"
"56529",2018,3,"Fence","Slieve Carran","burren.ie",2,18,"B",17.1,"FORB","1"
"56530",2018,3,"Fence","Slieve Carran","burren.ie",2,18,"B",312.7,"GRAMINOID","1"
"56531",2018,3,"Fence","Slieve Carran","burren.ie",2,18,"B",3.7,"LEGUME","1"
"56532",2018,3,"Fence","Slieve Carran","burren.ie",2,18,"B",876.45,"LITTER","0"
"56533",2018,3,"NP","Slieve Carran","burren.ie",2,19,"A",113.7,"FORB","1"
"56534",2018,3,"NP","Slieve Carran","burren.ie",2,19,"A",514.5,"GRAMINOID","1"
"56535",2018,3,"NP","Slieve Carran","burren.ie",2,19,"A",11.4,"LEGUME","1"
"56536",2018,3,"NP","Slieve Carran","burren.ie",2,19,"A",207.05,"LITTER","0"
"56537",2018,3,"PK","Slieve Carran","burren.ie",2,20,"A",3,"FORB","1"
"56538",2018,3,"PK","Slieve Carran","burren.ie",2,20,"A",800.85,"GRAMINOID","1"
"56539",2018,3,"PK","Slieve Carran","burren.ie",2,20,"A",45.3,"LEGUME","1"
"56540",2018,3,"PK","Slieve Carran","burren.ie",2,20,"A",663.25,"LITTER","0"
"56541",2018,3,"Fence","Slieve Carran","burren.ie",3,21,"C",20.65,"BRYOPHYTE","1"
"56542",2018,3,"Fence","Slieve Carran","burren.ie",3,21,"C",96.3,"FORB","1"
"56543",2018,3,"Fence","Slieve Carran","burren.ie",3,21,"C",643.5,"GRAMINOID","1"
"56544",2018,3,"Fence","Slieve Carran","burren.ie",3,21,"C",2,"LEGUME","1"
"56545",2018,3,"Fence","Slieve Carran","burren.ie",3,21,"C",617.3,"LITTER","0"
"56546",2018,3,"P","Slieve Carran","burren.ie",3,22,"D",0.25,"BRYOPHYTE","1"
"56547",2018,3,"P","Slieve Carran","burren.ie",3,22,"D",121.5,"FORB","1"
"56548",2018,3,"P","Slieve Carran","burren.ie",3,22,"D",377.6,"GRAMINOID","1"
"56549",2018,3,"P","Slieve Carran","burren.ie",3,22,"D",27.55,"LEGUME","1"
"56550",2018,3,"P","Slieve Carran","burren.ie",3,22,"D",243.4,"LITTER","0"
"56551",2018,3,"NPK","Slieve Carran","burren.ie",3,23,"A",89.25,"FORB","1"
"56552",2018,3,"NPK","Slieve Carran","burren.ie",3,23,"A",558.05,"GRAMINOID","1"
"56553",2018,3,"NPK","Slieve Carran","burren.ie",3,23,"A",53.3,"LEGUME","1"
"56554",2018,3,"NPK","Slieve Carran","burren.ie",3,23,"A",483.7,"LITTER","0"
"56555",2018,3,"NPK","Slieve Carran","burren.ie",3,23,"A",6.15,"WOODY","1"
"56556",2018,3,"N","Slieve Carran","burren.ie",3,24,"C",201.7,"FORB","1"
"56557",2018,3,"N","Slieve Carran","burren.ie",3,24,"C",448.6,"GRAMINOID","1"
"56558",2018,3,"N","Slieve Carran","burren.ie",3,24,"C",8.6,"LEGUME","1"
"56559",2018,3,"N","Slieve Carran","burren.ie",3,24,"C",350.45,"LITTER","0"
"56560",2018,3,"NP","Slieve Carran","burren.ie",3,25,"D",75.85,"FORB","1"
"56561",2018,3,"NP","Slieve Carran","burren.ie",3,25,"D",644.45,"GRAMINOID","1"
"56562",2018,3,"NP","Slieve Carran","burren.ie",3,25,"D",6.15,"LEGUME","1"
"56563",2018,3,"NP","Slieve Carran","burren.ie",3,25,"D",165.7,"LITTER","0"
"56564",2018,3,"K","Slieve Carran","burren.ie",3,26,"A",2.35,"BRYOPHYTE","1"
"56565",2018,3,"K","Slieve Carran","burren.ie",3,26,"A",102,"FORB","1"
"56566",2018,3,"K","Slieve Carran","burren.ie",3,26,"A",438.65,"GRAMINOID","1"
"56567",2018,3,"K","Slieve Carran","burren.ie",3,26,"A",6.8,"LEGUME","1"
"56568",2018,3,"K","Slieve Carran","burren.ie",3,26,"A",358.4,"LITTER","0"
"56569",2018,3,"K","Slieve Carran","burren.ie",3,26,"A",0.85,"WOODY","1"
"56570",2018,3,"NK","Slieve Carran","burren.ie",3,27,"B",0.3,"BRYOPHYTE","1"
"56571",2018,3,"NK","Slieve Carran","burren.ie",3,27,"B",112.85,"FORB","1"
"56572",2018,3,"NK","Slieve Carran","burren.ie",3,27,"B",416.3,"GRAMINOID","1"
"56573",2018,3,"NK","Slieve Carran","burren.ie",3,27,"B",375.7,"LITTER","0"
"56574",2018,3,"NK","Slieve Carran","burren.ie",3,27,"B",36.25,"WOODY","1"
"56575",2018,3,"Control","Slieve Carran","burren.ie",3,28,"D",32.25,"BRYOPHYTE","1"
"56576",2018,3,"Control","Slieve Carran","burren.ie",3,28,"D",86.2,"FORB","1"
"56577",2018,3,"Control","Slieve Carran","burren.ie",3,28,"D",401.15,"GRAMINOID","1"
"56578",2018,3,"Control","Slieve Carran","burren.ie",3,28,"D",6.05,"LEGUME","1"
"56579",2018,3,"Control","Slieve Carran","burren.ie",3,28,"D",359.85,"LITTER","0"
"56580",2018,3,"PK","Slieve Carran","burren.ie",3,29,"D",158.8,"FORB","1"
"56581",2018,3,"PK","Slieve Carran","burren.ie",3,29,"D",395.15,"GRAMINOID","1"
"56582",2018,3,"PK","Slieve Carran","burren.ie",3,29,"D",50.2,"LEGUME","1"
"56583",2018,3,"PK","Slieve Carran","burren.ie",3,29,"D",108,"LITTER","0"
"56584",2018,3,"NPK+Fence","Slieve Carran","burren.ie",3,30,"A",206.3,"FORB","1"
"56585",2018,3,"NPK+Fence","Slieve Carran","burren.ie",3,30,"A",648.7,"GRAMINOID","1"
"56586",2018,3,"NPK+Fence","Slieve Carran","burren.ie",3,30,"A",6.6,"LEGUME","1"
"56587",2018,3,"NPK+Fence","Slieve Carran","burren.ie",3,30,"A",570.3,"LITTER","0"
