site,block,plot,subplot,taxa,cover,Date,Note_Cover,,
Slieve Carran,1,1,A,Achillea millefolium,3,30/07/2019,,,
Slieve Carran,1,1,A,Agrostis capillaris,10,30/07/2019,,,
Slieve Carran,1,1,A,Anthoxanthum odoratum,8,30/07/2019,,,
Slieve Carran,1,1,A,Briza media,2,30/07/2019,,, 
Slieve Carran,1,1,A,Bryophytes,1,30/07/2019,,,
Slieve Carran,1,1,A,Carex caryophyllea,1,30/07/2019,,,
Slieve Carran,1,1,A,Carex flacca,20,30/07/2019,,,
Slieve Carran,1,1,A,Carex panicea,1,30/07/2019,,,
Slieve Carran,1,1,A,Centaurea nigra,25,30/07/2019,,,
Slieve Carran,1,1,A,Corylus avellana,2,30/07/2019,,,
Slieve Carran,1,1,A,Dactylis glomerata,15,30/07/2019,,,
Slieve Carran,1,1,A,Euphrasia species,1,30/07/2019,,,
Slieve Carran,1,1,A,Festuca rubra,4,30/07/2019,,,
Slieve Carran,1,1,A,Galium verum,1,30/07/2019,,,
Slieve Carran,1,1,A,Helictotrichon pubescens,1,30/07/2019,,,
Slieve Carran,1,1,A,Holcus lanatus,2,30/07/2019,,,
Slieve Carran,1,1,A,Hypochaeris  radicata,3,30/07/2019,,,
Slieve Carran,1,1,A,Koeleria macrantha,1,30/07/2019,,,
Slieve Carran,1,1,A,Lathyrus linifolius,3,30/07/2019,,,
Slieve Carran,1,1,A,Lathyrus pratensis,1,30/07/2019,,,
Slieve Carran,1,1,A,Litter,23,30/07/2019,,,
Slieve Carran,1,1,A,Lotus  corniculatus,4,30/07/2019,,,
Slieve Carran,1,1,A,Plantago lanceolata,10,30/07/2019,,,
Slieve Carran,1,1,A,Potentilla erecta,5,30/07/2019,,,
Slieve Carran,1,1,A,Prunella vulgaris,2,30/07/2019,,,
Slieve Carran,1,1,A,Pteridium aquilinum,15,30/07/2019,,,
Slieve Carran,1,1,A,Rosa spinosissima,1,30/07/2019,,,
Slieve Carran,1,1,A,Succisa pratensis,10,30/07/2019,,,
Slieve Carran,1,1,A,Trifolium pratense,3,30/07/2019,,,
Slieve Carran,1,1,A,Trifolium repens,2,30/07/2019,,,
Slieve Carran,1,1,A,Vicia cracca,3,30/07/2019,,,
Slieve Carran,1,2,B,Achillea millefolium,1,30/07/2019,,,
Slieve Carran,1,2,B,Agrostis capillaris,2,30/07/2019,,,
Slieve Carran,1,2,B,Cerastium fontanum,3,30/07/2019,,,
Slieve Carran,1,2,B,Dactylis glomerata,30,30/07/2019,,,
Slieve Carran,1,2,B,Holcus lanatus,70,30/07/2019,,,
Slieve Carran,1,2,B,Lathyrus pratensis,5,30/07/2019,,,
Slieve Carran,1,2,B,Litter,90,30/07/2019,,,
Slieve Carran,1,2,B,Plantago lanceolata,2,30/07/2019,,,
Slieve Carran,1,2,B,Potentilla erecta,1,30/07/2019,,,
Slieve Carran,1,2,B,Ranunculus acris,10,30/07/2019,,,
Slieve Carran,1,2,B,Ranunculus repens,5,30/07/2019,,,
Slieve Carran,1,2,B,Rumex acetosa,1,30/07/2019,,,
Slieve Carran,1,2,B,Trifolium pratense,2,30/07/2019,,,
Slieve Carran,1,2,B,Trifolium repens,2,30/07/2019,,,
Slieve Carran,1,3,D,Achillea millefolium,1,31/07/2019,,,
Slieve Carran,1,3,D,Agrostis capillaris,5,31/07/2019,,,
Slieve Carran,1,3,D,Anthoxanthum odoratum,2,31/07/2019,,,
Slieve Carran,1,3,D,Bare Ground,20,31/07/2019,,,
Slieve Carran,1,3,D,Bryophytes,1,31/07/2019,,,
Slieve Carran,1,3,D,Carex flacca,1,31/07/2019,,,
Slieve Carran,1,3,D,Centaurea nigra,15,31/07/2019,,,
Slieve Carran,1,3,D,Dactylis glomerata,8,31/07/2019,,,
Slieve Carran,1,3,D,Euphrasia species,1,31/07/2019,,,
Slieve Carran,1,3,D,Galium verum,2,31/07/2019,,,
Slieve Carran,1,3,D,Helictotrichon pubescens,4,31/07/2019,,,
Slieve Carran,1,3,D,Holcus lanatus,1,31/07/2019,,,
Slieve Carran,1,3,D,Hypochaeris  radicata,35,31/07/2019,,,
Slieve Carran,1,3,D,Lathyrus pratensis,1,31/07/2019,,,
Slieve Carran,1,3,D,Litter,1,31/07/2019,,,
Slieve Carran,1,3,D,Plantago lanceolata,4,31/07/2019,,,
Slieve Carran,1,3,D,Potentilla erecta,4,31/07/2019,,,
Slieve Carran,1,3,D,Pteridium aquilinum,15,31/07/2019,,,
Slieve Carran,1,3,D,Ranunculus acris,1,31/07/2019,,,
Slieve Carran,1,3,D,Rumex acetosa,1,31/07/2019,,,
Slieve Carran,1,3,D,Thymus polytrichus,1,31/07/2019,,,
Slieve Carran,1,3,D,Trifolium pratense,2,31/07/2019,,,
Slieve Carran,1,3,D,Trifolium repens,1,31/07/2019,,,
Slieve Carran,1,3,D,Viola riviniana,1,31/07/2019,,,
Slieve Carran,1,4,D,Achillea millefolium,1,31/07/2019,,,
Slieve Carran,1,4,D,Agrostis stolonifera,1,31/07/2019,,,
Slieve Carran,1,4,D,Centaurea nigra,12,31/07/2019,,,
Slieve Carran,1,4,D,Cerastium fontanum,1,31/07/2019,,,
Slieve Carran,1,4,D,Dactylis glomerata,1,31/07/2019,,,
Slieve Carran,1,4,D,Holcus lanatus,100,31/07/2019,,,
Slieve Carran,1,4,D,Lathyrus pratensis,2,31/07/2019,,,
Slieve Carran,1,4,D,Leontodon autumnalis,1,31/07/2019,,,
Slieve Carran,1,4,D,Litter,100,31/07/2019,,,
Slieve Carran,1,4,D,Plantago lanceolata,1,31/07/2019,,,
Slieve Carran,1,4,D,Potentilla erecta,1,31/07/2019,,,
Slieve Carran,1,4,D,Ranunculus acris,2,31/07/2019,,,
Slieve Carran,1,4,D,Rumex acetosa,2,31/07/2019,,,
Slieve Carran,1,4,D,Trifolium pratense,3,31/07/2019,,,
Slieve Carran,1,4,D,Trifolium repens,1,31/07/2019,,,
Slieve Carran,1,5,A,Agrostis capillaris,15,31/07/2019,,,
Slieve Carran,1,5,A,Agrostis stolonifera,3,31/07/2019,,,
Slieve Carran,1,5,A,Anthoxanthum odoratum,5,31/07/2019,,,
Slieve Carran,1,5,A,Centaurea nigra,10,31/07/2019,,,
Slieve Carran,1,5,A,Dactylis glomerata,25,31/07/2019,,,
Slieve Carran,1,5,A,Festuca rubra,25,31/07/2019,,,
Slieve Carran,1,5,A,Galium verum,1,31/07/2019,,,
Slieve Carran,1,5,A,Helictotrichon pubescens,5,31/07/2019,,,
Slieve Carran,1,5,A,Holcus lanatus,15,31/07/2019,,,
Slieve Carran,1,5,A,Hypericum pulchrum,1,31/07/2019,,,
Slieve Carran,1,5,A,Lathyrus linifolius,1,31/07/2019,,,
Slieve Carran,1,5,A,Lathyrus pratensis,2,31/07/2019,,,
Slieve Carran,1,5,A,Litter,90,31/07/2019,,,
Slieve Carran,1,5,A,Lotus  corniculatus,1,31/07/2019,,,
Slieve Carran,1,5,A,Plantago lanceolata,1,31/07/2019,,,
Slieve Carran,1,5,A,Potentilla erecta,5,31/07/2019,,,
Slieve Carran,1,5,A,Ranunculus acris,5,31/07/2019,,,
Slieve Carran,1,5,A,Rumex acetosa,1,31/07/2019,,,
Slieve Carran,1,5,A,Vicia cracca,2,31/07/2019,,,
Slieve Carran,1,6,B,Dactylis glomerata,10,31/07/2019,,,
Slieve Carran,1,6,B,Holcus lanatus,100,31/07/2019,,,
Slieve Carran,1,6,B,Lathyrus pratensis,60,31/07/2019,,,
Slieve Carran,1,6,B,Litter,100,31/07/2019,,,
Slieve Carran,1,6,B,Poa pratensis,1,31/07/2019,,,
Slieve Carran,1,7,C,Agrostis capillaris,5,01/08/2019,,,
Slieve Carran,1,7,C,Centaurea nigra,28,01/08/2019,,,
Slieve Carran,1,7,C,Dactylis glomerata,20,01/08/2019,,,
Slieve Carran,1,7,C,Festuca rubra,3,01/08/2019,,,
Slieve Carran,1,7,C,Galium verum,2,01/08/2019,,,
Slieve Carran,1,7,C,Holcus lanatus,20,01/08/2019,,,
Slieve Carran,1,7,C,Lathyrus pratensis,50,01/08/2019,,,
Slieve Carran,1,7,C,Litter,100,01/08/2019,,,
Slieve Carran,1,7,C,Plantago lanceolata,3,01/08/2019,,,
Slieve Carran,1,7,C,Pteridium aquilinum,1,01/08/2019,,,
Slieve Carran,1,7,C,Ranunculus acris,2,01/08/2019,,,
Slieve Carran,1,7,C,Trifolium pratense,3,01/08/2019,,,
Slieve Carran,1,7,C,Trifolium repens,1,01/08/2019,,,
Slieve Carran,1,7,C,Vicia cracca,2,01/08/2019,,,
Slieve Carran,1,8,C,Agrostis capillaris,8,01/08/2019,,,
Slieve Carran,1,8,C,Agrostis stolonifera,7,01/08/2019,,,
Slieve Carran,1,8,C,Anthoxanthum odoratum,3,01/08/2019,,,
Slieve Carran,1,8,C,Carex flacca,5,01/08/2019,,,
Slieve Carran,1,8,C,Centaurea nigra,10,01/08/2019,,,
Slieve Carran,1,8,C,Cerastium fontanum,1,01/08/2019,,,
Slieve Carran,1,8,C,Dactylis glomerata,75,01/08/2019,,,
Slieve Carran,1,8,C,Festuca rubra,5,01/08/2019,,,
Slieve Carran,1,8,C,Galium verum,3,01/08/2019,,,
Slieve Carran,1,8,C,Helictotrichon pubescens,1,01/08/2019,,,
Slieve Carran,1,8,C,Holcus lanatus,3,01/08/2019,,,
Slieve Carran,1,8,C,Lathyrus linifolius,1,01/08/2019,,,
Slieve Carran,1,8,C,Litter,95,01/08/2019,,,
Slieve Carran,1,8,C,Lotus  corniculatus,2,01/08/2019,,,
Slieve Carran,1,8,C,Plantago lanceolata,8,01/08/2019,,,
Slieve Carran,1,8,C,Potentilla erecta,2,01/08/2019,,,
Slieve Carran,1,8,C,Pteridium aquilinum,1,01/08/2019,,,
Slieve Carran,1,8,C,Ranunculus acris,1,01/08/2019,,,
Slieve Carran,1,8,C,Rosa spinosissima,4,01/08/2019,,,
Slieve Carran,1,8,C,Rumex acetosa,2,01/08/2019,,,
Slieve Carran,1,8,C,Trifolium pratense,5,01/08/2019,,,
Slieve Carran,1,8,C,Trifolium repens,1,01/08/2019,,,
Slieve Carran,1,8,C,Vicia cracca,1,01/08/2019,,,
Slieve Carran,1,8,C,Viola riviniana,2,01/08/2019,,,
Slieve Carran,1,9,D,Achillea millefolium,1,31/07/2019,,,
Slieve Carran,1,9,D,Agrostis capillaris,3,31/07/2019,,,
Slieve Carran,1,9,D,Agrostis stolonifera,2,31/07/2019,,,
Slieve Carran,1,9,D,Anthoxanthum odoratum,5,31/07/2019,,,
Slieve Carran,1,9,D,Carex caryophyllea,1,31/07/2019,,,
Slieve Carran,1,9,D,Carex flacca,15,31/07/2019,,,
Slieve Carran,1,9,D,Centaurea nigra,15,31/07/2019,,,
Slieve Carran,1,9,D,Cerastium fontanum,1,31/07/2019,,,
Slieve Carran,1,9,D,Cynosurus cristatus,2,31/07/2019,,,
Slieve Carran,1,9,D,Dactylis glomerata,5,31/07/2019,,,
Slieve Carran,1,9,D,Euphrasia species,1,31/07/2019,,,
Slieve Carran,1,9,D,Festuca rubra,20,31/07/2019,,,
Slieve Carran,1,9,D,Galium verum,10,31/07/2019,,,
Slieve Carran,1,9,D,Helictotrichon pubescens,3,31/07/2019,,,
Slieve Carran,1,9,D,Holcus lanatus,5,31/07/2019,,,
Slieve Carran,1,9,D,Lathyrus linifolius,1,31/07/2019,,,
Slieve Carran,1,9,D,Lathyrus pratensis,1,31/07/2019,,,
Slieve Carran,1,9,D,Litter,75,31/07/2019,,,
Slieve Carran,1,9,D,Lotus  corniculatus,7,31/07/2019,,,
Slieve Carran,1,9,D,Luzula campestris,1,31/07/2019,,,
Slieve Carran,1,9,D,Plantago lanceolata,7,31/07/2019,,,
Slieve Carran,1,9,D,Potentilla erecta,5,31/07/2019,,,
Slieve Carran,1,9,D,Pteridium aquilinum,1,31/07/2019,,,
Slieve Carran,1,9,D,Ranunculus acris,5,31/07/2019,,,
Slieve Carran,1,9,D,Rhinanthus minor,2,31/07/2019,,,
Slieve Carran,1,9,D,Rosa spinosissima,5,31/07/2019,,,
Slieve Carran,1,9,D,Rumex acetosa,1,31/07/2019,,,
Slieve Carran,1,9,D,Succisa pratensis,1,31/07/2019,,,
Slieve Carran,1,9,D,Trifolium pratense,15,31/07/2019,,,
Slieve Carran,1,9,D,Trifolium repens,1,31/07/2019,,,
Slieve Carran,1,9,D,Vicia cracca,3,31/07/2019,,,
Slieve Carran,1,9,D,Viola riviniana,1,31/07/2019,,,
Slieve Carran,1,10,D,Agrostis stolonifera,1,31/07/2019,,,
Slieve Carran,1,10,D,Centaurea nigra,20,31/07/2019,,,
Slieve Carran,1,10,D,Cerastium fontanum,1,31/07/2019,,,
Slieve Carran,1,10,D,Dactylis glomerata,1,31/07/2019,,,
Slieve Carran,1,10,D,Holcus lanatus,60,31/07/2019,,,
Slieve Carran,1,10,D,Lathyrus pratensis,1,31/07/2019,,,
Slieve Carran,1,10,D,Litter,100,31/07/2019,,,
Slieve Carran,1,10,D,Plantago lanceolata,2,31/07/2019,,,
Slieve Carran,1,10,D,Poa pratensis,15,31/07/2019,,,
Slieve Carran,1,10,D,Pteridium aquilinum,1,31/07/2019,,,
Slieve Carran,1,10,D,Ranunculus acris,2,31/07/2019,,,
Slieve Carran,1,10,D,Ranunculus repens,30,31/07/2019,,,
Slieve Carran,1,10,D,Rumex acetosa,4,31/07/2019,,,
Slieve Carran,1,10,D,Trifolium pratense,10,31/07/2019,,,
Slieve Carran,1,10,D,Trifolium repens,1,31/07/2019,,,
Slieve Carran,2,11,A,Achillea millefolium,1,31/07/2019,,,
Slieve Carran,2,11,A,Agrostis capillaris,15,31/07/2019,,,
Slieve Carran,2,11,A,Anthoxanthum odoratum,1,31/07/2019,,,
Slieve Carran,2,11,A,Briza media,1,31/07/2019,,,
Slieve Carran,2,11,A,Carex flacca,1,31/07/2019,,,
Slieve Carran,2,11,A,Centaurea nigra,30,31/07/2019,,,
Slieve Carran,2,11,A,Dactylis glomerata,25,31/07/2019,,,
Slieve Carran,2,11,A,Festuca rubra,10,31/07/2019,,,
Slieve Carran,2,11,A,Galium verum,3,31/07/2019,,,
Slieve Carran,2,11,A,Holcus lanatus,5,31/07/2019,,,
Slieve Carran,2,11,A,Lathyrus linifolius,1,31/07/2019,,,
Slieve Carran,2,11,A,Lathyrus pratensis,2,31/07/2019,,,
Slieve Carran,2,11,A,Leontodon autumnalis,2,31/07/2019,,,
Slieve Carran,2,11,A,Litter,100,31/07/2019,,,
Slieve Carran,2,11,A,Lotus  corniculatus,2,31/07/2019,,,
Slieve Carran,2,11,A,Plantago lanceolata,15,31/07/2019,,,
Slieve Carran,2,11,A,Potentilla erecta,3,31/07/2019,,,
Slieve Carran,2,11,A,Pteridium aquilinum,1,31/07/2019,,,
Slieve Carran,2,11,A,Ranunculus repens,3,31/07/2019,,,
Slieve Carran,2,11,A,Trifolium medium,6,31/07/2019,,,
Slieve Carran,2,11,A,Trifolium pratense,2,31/07/2019,,,
Slieve Carran,2,11,A,Trifolium repens,2,31/07/2019,,,
Slieve Carran,2,11,A,Vicia cracca,2,31/07/2019,,,
Slieve Carran,2,11,A,Viola riviniana,3,31/07/2019,,,
Slieve Carran,2,12,C,Achillea millefolium,3,31/07/2019,,,
Slieve Carran,2,12,C,Agrostis capillaris,20,31/07/2019,,,
Slieve Carran,2,12,C,Anthoxanthum odoratum,5,31/07/2019,,,
Slieve Carran,2,12,C,Bare Ground,1,31/07/2019,,,
Slieve Carran,2,12,C,Carex flacca,1,31/07/2019,,,
Slieve Carran,2,12,C,Carex panicea,1,31/07/2019,,,
Slieve Carran,2,12,C,Centaurea nigra,35,31/07/2019,,,
Slieve Carran,2,12,C,Dactylis glomerata,25,31/07/2019,,,
Slieve Carran,2,12,C,Euphrasia species,1,31/07/2019,,,
Slieve Carran,2,12,C,Festuca rubra,25,31/07/2019,,,
Slieve Carran,2,12,C,Galium verum,2,31/07/2019,,,
Slieve Carran,2,12,C,Holcus lanatus,5,31/07/2019,,,
Slieve Carran,2,12,C,Lathyrus pratensis,1,31/07/2019,,,
Slieve Carran,2,12,C,Litter,90,31/07/2019,,,
Slieve Carran,2,12,C,Lotus  corniculatus,1,31/07/2019,,,
Slieve Carran,2,12,C,Plantago lanceolata,15,31/07/2019,,,
Slieve Carran,2,12,C,Potentilla erecta,5,31/07/2019,,,
Slieve Carran,2,12,C,Pteridium aquilinum,1,31/07/2019,,,
Slieve Carran,2,12,C,Ranunculus acris,1,31/07/2019,,,
Slieve Carran,2,12,C,Succisa pratensis,2,31/07/2019,,,
Slieve Carran,2,12,C,Trifolium pratense,1,31/07/2019,,,
Slieve Carran,2,12,C,Trifolium repens,1,31/07/2019,,,
Slieve Carran,2,12,C,Viola riviniana,5,31/07/2019,,,
Slieve Carran,2,13,B,Achillea millefolium,1,31/07/2019,,,
Slieve Carran,2,13,B,Agrostis capillaris,2,31/07/2019,,,
Slieve Carran,2,13,B,Anthoxanthum odoratum,1,31/07/2019,,,
Slieve Carran,2,13,B,Centaurea nigra,20,31/07/2019,,,
Slieve Carran,2,13,B,Dactylis glomerata,3,31/07/2019,,,
Slieve Carran,2,13,B,Festuca rubra,3,31/07/2019,,,
Slieve Carran,2,13,B,Holcus lanatus,75,31/07/2019,,,
Slieve Carran,2,13,B,Lathyrus pratensis,65,31/07/2019,,,
Slieve Carran,2,13,B,Litter,100,31/07/2019,,,
Slieve Carran,2,13,B,Lotus  corniculatus,2,31/07/2019,,,
Slieve Carran,2,13,B,Molinia caerulea,15,31/07/2019,,,
Slieve Carran,2,13,B,Plantago lanceolata,2,31/07/2019,,,
Slieve Carran,2,13,B,Potentilla erecta,2,31/07/2019,,,
Slieve Carran,2,13,B,Trifolium pratense,1,31/07/2019,,,
Slieve Carran,2,14,D,Agrostis capillaris,20,31/07/2019,,,
Slieve Carran,2,14,D,Anthoxanthum odoratum,1,31/07/2019,,,
Slieve Carran,2,14,D,Centaurea nigra,30,31/07/2019,,,
Slieve Carran,2,14,D,Dactylis glomerata,8,31/07/2019,,,
Slieve Carran,2,14,D,Festuca rubra,25,31/07/2019,,,
Slieve Carran,2,14,D,Holcus lanatus,80,31/07/2019,,,
Slieve Carran,2,14,D,Litter,100,31/07/2019,,,
Slieve Carran,2,14,D,Lotus  corniculatus,1,31/07/2019,,,
Slieve Carran,2,14,D,Pimpinella saxifraga,1,31/07/2019,,,
Slieve Carran,2,14,D,Plantago lanceolata,2,31/07/2019,,,
Slieve Carran,2,14,D,Potentilla erecta,1,31/07/2019,,,
Slieve Carran,2,14,D,Trifolium repens,2,31/07/2019,,,
Slieve Carran,2,14,D,Vicia cracca,2,31/07/2019,,,
Slieve Carran,2,15,D,Agrostis capillaris,2,31/07/2019,,,
Slieve Carran,2,15,D,Anthoxanthum odoratum,1,31/07/2019,,,
Slieve Carran,2,15,D,Briza media,1,31/07/2019,,,
Slieve Carran,2,15,D,Calluna vulgaris,1,31/07/2019,,,
Slieve Carran,2,15,D,Carex panicea,2,31/07/2019,,,
Slieve Carran,2,15,D,Centaurea nigra,7,31/07/2019,,,
Slieve Carran,2,15,D,Dactylis glomerata,10,31/07/2019,,,
Slieve Carran,2,15,D,Festuca rubra,5,31/07/2019,,,
Slieve Carran,2,15,D,Helictotrichon pubescens,2,31/07/2019,,,
Slieve Carran,2,15,D,Holcus lanatus,1,31/07/2019,,,
Slieve Carran,2,15,D,Lathyrus linifolius,1,31/07/2019,,,
Slieve Carran,2,15,D,Litter,95,31/07/2019,,,
Slieve Carran,2,15,D,Lotus  corniculatus,1,31/07/2019,,,
Slieve Carran,2,15,D,Molinia caerulea,85,31/07/2019,,,
Slieve Carran,2,15,D,Plantago lanceolata,1,31/07/2019,,,
Slieve Carran,2,15,D,Potentilla erecta,2,31/07/2019,,,
Slieve Carran,2,15,D,Pteridium aquilinum,2,31/07/2019,,,
Slieve Carran,2,15,D,Sesleria caerulea,1,31/07/2019,,,
Slieve Carran,2,15,D,Succisa pratensis,1,31/07/2019,,,
Slieve Carran,2,15,D,Viola riviniana,2,31/07/2019,,,
Slieve Carran,2,16,C,Dactylis glomerata,5,31/07/2019,,,
Slieve Carran,2,16,C,Holcus lanatus,100,31/07/2019,,,
Slieve Carran,2,16,C,Lathyrus pratensis,15,31/07/2019,,,
Slieve Carran,2,16,C,Litter,100,31/07/2019,,,
Slieve Carran,2,16,C,Pteridium aquilinum,5,31/07/2019,,,
Slieve Carran,2,16,C,Ranunculus acris,1,31/07/2019,,,
Slieve Carran,2,16,C,Ranunculus repens,15,31/07/2019,,,
Slieve Carran,2,16,C,Rumex acetosa,2,31/07/2019,,,
Slieve Carran,2,16,C,Vicia cracca,1,31/07/2019,,,
Slieve Carran,2,17,B,Achillea millefolium,1,31/07/2019,,,
Slieve Carran,2,17,B,Agrostis capillaris,15,31/07/2019,,,
Slieve Carran,2,17,B,Anthoxanthum odoratum,5,31/07/2019,,,
Slieve Carran,2,17,B,Briza media,1,31/07/2019,,,
Slieve Carran,2,17,B,Bryophytes,1,31/07/2019,,,
Slieve Carran,2,17,B,Carex caryophyllea,1,31/07/2019,,,
Slieve Carran,2,17,B,Carex flacca,1,31/07/2019,,,
Slieve Carran,2,17,B,Carex panicea,1,31/07/2019,,,
Slieve Carran,2,17,B,Centaurea nigra,30,31/07/2019,,,
Slieve Carran,2,17,B,Dactylis glomerata,15,31/07/2019,,,
Slieve Carran,2,17,B,Danthonia decumbens,1,31/07/2019,,,
Slieve Carran,2,17,B,Festuca rubra,10,31/07/2019,,,
Slieve Carran,2,17,B,Galium verum,1,31/07/2019,,,
Slieve Carran,2,17,B,Helictotrichon pubescens,2,31/07/2019,,,
Slieve Carran,2,17,B,Holcus lanatus,3,31/07/2019,,,
Slieve Carran,2,17,B,Hypericum pulchrum,2,31/07/2019,,,
Slieve Carran,2,17,B,Lathyrus linifolius,1,31/07/2019,,,
Slieve Carran,2,17,B,Lathyrus pratensis,1,31/07/2019,,,
Slieve Carran,2,17,B,Litter,90,31/07/2019,,,
Slieve Carran,2,17,B,Lotus  corniculatus,3,31/07/2019,,,
Slieve Carran,2,17,B,Molinia caerulea,5,31/07/2019,,,
Slieve Carran,2,17,B,Plantago lanceolata,5,31/07/2019,,,
Slieve Carran,2,17,B,Potentilla erecta,3,31/07/2019,,,
Slieve Carran,2,17,B,Pteridium aquilinum,2,31/07/2019,,,
Slieve Carran,2,17,B,Ranunculus acris,1,31/07/2019,,,
Slieve Carran,2,17,B,Succisa pratensis,1,31/07/2019,,,
Slieve Carran,2,17,B,Trifolium pratense,7,31/07/2019,,,
Slieve Carran,2,17,B,Trifolium repens,1,31/07/2019,,,
Slieve Carran,2,17,B,Vicia cracca,1,31/07/2019,,,
Slieve Carran,2,17,B,Viola riviniana,1,31/07/2019,,,
Slieve Carran,2,18,B,Agrostis capillaris,10,31/07/2019,,,
Slieve Carran,2,18,B,Centaurea nigra,2,31/07/2019,,,
Slieve Carran,2,18,B,Cerastium fontanum,1,31/07/2019,,,
Slieve Carran,2,18,B,Dactylis glomerata,30,31/07/2019,,,
Slieve Carran,2,18,B,Festuca rubra,5,31/07/2019,,,
Slieve Carran,2,18,B,Galium verum,1,31/07/2019,,,
Slieve Carran,2,18,B,Holcus lanatus,2,31/07/2019,,,
Slieve Carran,2,18,B,Hypericum pulchrum,1,31/07/2019,,,
Slieve Carran,2,18,B,Lathyrus pratensis,4,31/07/2019,,,
Slieve Carran,2,18,B,Litter,100,31/07/2019,,,
Slieve Carran,2,18,B,Molinia caerulea,60,31/07/2019,,,
Slieve Carran,2,18,B,Plantago lanceolata,1,31/07/2019,,,
Slieve Carran,2,18,B,Poa pratensis,1,31/07/2019,,,
Slieve Carran,2,18,B,Potentilla erecta,3,31/07/2019,,,
Slieve Carran,2,18,B,Pteridium aquilinum,10,31/07/2019,,,
Slieve Carran,2,18,B,Ranunculus acris,1,31/07/2019,,,
Slieve Carran,2,18,B,Veronica chamaedrys,1,31/07/2019,,,
Slieve Carran,2,18,B,Vicia cracca,5,31/07/2019,,,
Slieve Carran,2,18,B,Viola riviniana,1,31/07/2019,,,
Slieve Carran,2,19,A,Dactylis glomerata,25,31/07/2019,,,
Slieve Carran,2,19,A,Festuca rubra,20,31/07/2019,,,
Slieve Carran,2,19,A,Galium verum,2,31/07/2019,,,
Slieve Carran,2,19,A,Helictotrichon pubescens,1,31/07/2019,,,
Slieve Carran,2,19,A,Holcus lanatus,40,31/07/2019,,,
Slieve Carran,2,19,A,Lathyrus linifolius,1,31/07/2019,,,
Slieve Carran,2,19,A,Litter,100,31/07/2019,,,
Slieve Carran,2,19,A,Molinia caerulea,15,31/07/2019,,,
Slieve Carran,2,19,A,Potentilla erecta,2,31/07/2019,,,
Slieve Carran,2,19,A,Pteridium aquilinum,3,31/07/2019,,,
Slieve Carran,2,19,A,Vicia cracca,2,31/07/2019,,,
Slieve Carran,2,20,A,Agrostis capillaris,20,31/07/2019,,,
Slieve Carran,2,20,A,Centaurea nigra,25,31/07/2019,,,
Slieve Carran,2,20,A,Dactylis glomerata,35,31/07/2019,,,
Slieve Carran,2,20,A,Festuca rubra,15,31/07/2019,,,
Slieve Carran,2,20,A,Helictotrichon pubescens,3,31/07/2019,,,
Slieve Carran,2,20,A,Lathyrus linifolius,2,31/07/2019,,,
Slieve Carran,2,20,A,Litter,100,31/07/2019,,,
Slieve Carran,2,20,A,Lotus  corniculatus,10,31/07/2019,,,
Slieve Carran,2,20,A,Molinia caerulea,25,31/07/2019,,,
Slieve Carran,2,20,A,Potentilla erecta,2,31/07/2019,,,
Slieve Carran,2,20,A,Vicia cracca,3,31/07/2019,,,
Slieve Carran,2,20,A,Viola riviniana,1,31/07/2019,,,
Slieve Carran,3,21,C,Agrostis capillaris,1,31/07/2019,,,
Slieve Carran,3,21,C,Agrostis stolonifera,1,31/07/2019,,,
Slieve Carran,3,21,C,Carex flacca,2,31/07/2019,,,
Slieve Carran,3,21,C,Centaurea nigra,7,31/07/2019,,,
Slieve Carran,3,21,C,Dactylis glomerata,15,31/07/2019,,,
Slieve Carran,3,21,C,Festuca rubra,5,31/07/2019,,,
Slieve Carran,3,21,C,Holcus lanatus,2,31/07/2019,,,
Slieve Carran,3,21,C,Lathyrus pratensis,1,31/07/2019,,,
Slieve Carran,3,21,C,Litter,98,31/07/2019,,,
Slieve Carran,3,21,C,Lotus  corniculatus,1,31/07/2019,,,
Slieve Carran,3,21,C,Molinia caerulea,75,31/07/2019,,,
Slieve Carran,3,21,C,Neottia ovata,1,31/07/2019,,,
Slieve Carran,3,21,C,Poa pratensis,1,31/07/2019,,,
Slieve Carran,3,21,C,Potentilla erecta,1,31/07/2019,,,
Slieve Carran,3,21,C,Succisa pratensis,1,31/07/2019,,,
Slieve Carran,3,21,C,Vicia cracca,10,31/07/2019,,,
Slieve Carran,3,21,C,Viola riviniana,1,31/07/2019,,,
Slieve Carran,3,22,D,Achillea millefolium,1,01/08/2019,,,
Slieve Carran,3,22,D,Agrostis capillaris,1,01/08/2019,,,
Slieve Carran,3,22,D,Anthoxanthum odoratum,5,01/08/2019,,,
Slieve Carran,3,22,D,Centaurea nigra,3,01/08/2019,,,
Slieve Carran,3,22,D,Dactylis glomerata,20,01/08/2019,,,
Slieve Carran,3,22,D,Euphrasia species,1,01/08/2019,,,
Slieve Carran,3,22,D,Festuca rubra,18,01/08/2019,,,
Slieve Carran,3,22,D,Galium verum,1,01/08/2019,,,
Slieve Carran,3,22,D,Helictotrichon pubescens,1,01/08/2019,,,
Slieve Carran,3,22,D,Holcus lanatus,75,01/08/2019,,,
Slieve Carran,3,22,D,Lathyrus pratensis,3,01/08/2019,,,
Slieve Carran,3,22,D,Litter,100,01/08/2019,,,
Slieve Carran,3,22,D,Lotus  corniculatus,1,01/08/2019,,,
Slieve Carran,3,22,D,Molinia caerulea,1,01/08/2019,,,
Slieve Carran,3,22,D,Plantago lanceolata,1,01/08/2019,,,
Slieve Carran,3,22,D,Potentilla erecta,2,01/08/2019,,,
Slieve Carran,3,22,D,Trifolium pratense,1,01/08/2019,,,
Slieve Carran,3,22,D,Trifolium repens,1,01/08/2019,,,
Slieve Carran,3,22,D,Vicia cracca,2,01/08/2019,,,
Slieve Carran,3,23,A,Achillea millefolium,5,31/07/2019,,,
Slieve Carran,3,23,A,Agrostis capillaris,10,31/07/2019,,,
Slieve Carran,3,23,A,Anthoxanthum odoratum,1,31/07/2019,,,
Slieve Carran,3,23,A,Centaurea nigra,25,31/07/2019,,,
Slieve Carran,3,23,A,Dactylis glomerata,10,31/07/2019,,,
Slieve Carran,3,23,A,Festuca rubra,25,31/07/2019,,,
Slieve Carran,3,23,A,Holcus lanatus,50,31/07/2019,,,
Slieve Carran,3,23,A,Lathyrus linifolius,2,31/07/2019,,,
Slieve Carran,3,23,A,Litter,100,31/07/2019,,,
Slieve Carran,3,23,A,Lotus  corniculatus,25,31/07/2019,,,
Slieve Carran,3,23,A,Molinia caerulea,2,31/07/2019,,,
Slieve Carran,3,23,A,Plantago lanceolata,1,31/07/2019,,,
Slieve Carran,3,23,A,Potentilla erecta,1,31/07/2019,,,
Slieve Carran,3,23,A,Pteridium aquilinum,2,31/07/2019,,,
Slieve Carran,3,23,A,Trifolium repens,2,31/07/2019,,,
Slieve Carran,3,23,A,Vicia cracca,2,31/07/2019,,,
Slieve Carran,3,24,C,Agrostis capillaris,10,31/07/2019,,,
Slieve Carran,3,24,C,Anthoxanthum odoratum,2,31/07/2019,,,
Slieve Carran,3,24,C,Bare Ground,2,31/07/2019,,,
Slieve Carran,3,24,C,Briza media,1,31/07/2019,,,
Slieve Carran,3,24,C,Bryophytes,1,31/07/2019,,,
Slieve Carran,3,24,C,Calluna vulgaris,4,31/07/2019,,,
Slieve Carran,3,24,C,Carex flacca,20,31/07/2019,,,
Slieve Carran,3,24,C,Carex panicea,5,31/07/2019,,,
Slieve Carran,3,24,C,Centaurea nigra,8,31/07/2019,,,
Slieve Carran,3,24,C,Cynosurus cristatus,1,31/07/2019,,,
Slieve Carran,3,24,C,Dactylorhiza maculata,2,31/07/2019,,,
Slieve Carran,3,24,C,Festuca rubra,10,31/07/2019,,,
Slieve Carran,3,24,C,Galium verum,2,31/07/2019,,,
Slieve Carran,3,24,C,Helictotrichon pubescens,1,31/07/2019,,,
Slieve Carran,3,24,C,Hypochaeris  radicata,2,31/07/2019,,,
Slieve Carran,3,24,C,Koeleria macrantha,1,31/07/2019,,,
Slieve Carran,3,24,C,Lathyrus linifolius,1,31/07/2019,,,
Slieve Carran,3,24,C,Litter,85,31/07/2019,,,
Slieve Carran,3,24,C,Lotus  corniculatus,2,31/07/2019,,,
Slieve Carran,3,24,C,Molinia caerulea,25,31/07/2019,,,
Slieve Carran,3,24,C,Parnassia palustris,1,31/07/2019,,,
Slieve Carran,3,24,C,Pedicularis sylvatica,2,31/07/2019,,,
Slieve Carran,3,24,C,Pimpinella saxifraga,1,31/07/2019,,,
Slieve Carran,3,24,C,Plantago lanceolata,15,31/07/2019,,,
Slieve Carran,3,24,C,Plantago maritima,2,31/07/2019,,,
Slieve Carran,3,24,C,Potentilla erecta,2,31/07/2019,,,
Slieve Carran,3,24,C,Prunella vulgaris,1,31/07/2019,,,
Slieve Carran,3,24,C,Rhinanthus minor,1,31/07/2019,,,
Slieve Carran,3,24,C,Succisa pratensis,12,31/07/2019,,,
Slieve Carran,3,24,C,Trifolium pratense,1,31/07/2019,,,
Slieve Carran,3,24,C,Trifolium repens,1,31/07/2019,,,
Slieve Carran,3,24,C,Veronica chamaedrys,1,31/07/2019,,,
Slieve Carran,3,24,C,Vicia cracca,1,31/07/2019,,,
Slieve Carran,3,24,C,Viola riviniana,1,31/07/2019,,,
Slieve Carran,3,25,D,Achillea millefolium,1,31/07/2019,,,
Slieve Carran,3,25,D,Centaurea nigra,1,31/07/2019,,,
Slieve Carran,3,25,D,Dactylis glomerata,1,31/07/2019,,,
Slieve Carran,3,25,D,Holcus lanatus,100,31/07/2019,,,
Slieve Carran,3,25,D,Litter,100,31/07/2019,,,
Slieve Carran,3,25,D,Plantago lanceolata,1,31/07/2019,,,
Slieve Carran,3,25,D,Potentilla erecta,1,31/07/2019,,,
Slieve Carran,3,25,D,Trifolium repens,1,31/07/2019,,,
Slieve Carran,3,25,D,Vicia cracca,1,31/07/2019,,,
Slieve Carran,3,26,A,Agrostis capillaris,3,01/08/2019,,,
Slieve Carran,3,26,A,Agrostis stolonifera,1,01/08/2019,,,
Slieve Carran,3,26,A,Anthoxanthum odoratum,3,01/08/2019,,,
Slieve Carran,3,26,A,Briza media,3,01/08/2019,,,
Slieve Carran,3,26,A,Bryophytes,1,01/08/2019,,,
Slieve Carran,3,26,A,Carex caryophyllea,1,01/08/2019,,,
Slieve Carran,3,26,A,Carex flacca,3,01/08/2019,,,
Slieve Carran,3,26,A,Carex panicea,15,01/08/2019,,,
Slieve Carran,3,26,A,Carex pulicaris,1,01/08/2019,,,
Slieve Carran,3,26,A,Centaurea nigra,7,01/08/2019,,,
Slieve Carran,3,26,A,Dactylis glomerata,1,01/08/2019,,,
Slieve Carran,3,26,A,Dactylorhiza maculata,1,01/08/2019,,,
Slieve Carran,3,26,A,Festuca rubra,15,01/08/2019,,,
Slieve Carran,3,26,A,Galium verum,2,01/08/2019,,,
Slieve Carran,3,26,A,Helictotrichon pubescens,2,01/08/2019,,,
Slieve Carran,3,26,A,Hypochaeris  radicata,2,01/08/2019,,,
Slieve Carran,3,26,A,Hypericum pulchrum,1,01/08/2019,,,
Slieve Carran,3,26,A,Litter,95,01/08/2019,,,
Slieve Carran,3,26,A,Lotus  corniculatus,3,01/08/2019,,,
Slieve Carran,3,26,A,Molinia caerulea,45,01/08/2019,,,
Slieve Carran,3,26,A,Parnassia palustris,1,01/08/2019,,,
Slieve Carran,3,26,A,Plantago lanceolata,2,01/08/2019,,,
Slieve Carran,3,26,A,Poa pratensis,1,01/08/2019,,,
Slieve Carran,3,26,A,Potentilla erecta,3,01/08/2019,,,
Slieve Carran,3,26,A,Prunella vulgaris,1,01/08/2019,,,
Slieve Carran,3,26,A,Pteridium aquilinum,1,01/08/2019,,,
Slieve Carran,3,26,A,Succisa pratensis,8,01/08/2019,,,
Slieve Carran,3,26,A,Trifolium pratense,1,01/08/2019,,,
Slieve Carran,3,26,A,Trifolium repens,1,01/08/2019,,,
Slieve Carran,3,26,A,Vicia cracca,1,01/08/2019,,,
Slieve Carran,3,26,A,Viola riviniana,3,01/08/2019,,,
Slieve Carran,3,27,B,Agrostis capillaris,2,01/08/2019,,,
Slieve Carran,3,27,B,Anthoxanthum odoratum,1,01/08/2019,,,
Slieve Carran,3,27,B,Calluna vulgaris,1,01/08/2019,,,
Slieve Carran,3,27,B,Campanula rotundifolia,1,01/08/2019,,,
Slieve Carran,3,27,B,Carex flacca,5,01/08/2019,,,
Slieve Carran,3,27,B,Carex panicea,20,01/08/2019,,,
Slieve Carran,3,27,B,Centaurea nigra,8,01/08/2019,,,
Slieve Carran,3,27,B,Dactylis glomerata,2,01/08/2019,,,
Slieve Carran,3,27,B,Danthonia decumbens,1,01/08/2019,,,
Slieve Carran,3,27,B,Festuca rubra,5,01/08/2019,,,
Slieve Carran,3,27,B,Galium verum,2,01/08/2019,,,
Slieve Carran,3,27,B,Helictotrichon pubescens,2,01/08/2019,,,
Slieve Carran,3,27,B,Lathyrus pratensis,1,01/08/2019,,,
Slieve Carran,3,27,B,Litter,95,01/08/2019,,,
Slieve Carran,3,27,B,Lotus  corniculatus,3,01/08/2019,,,
Slieve Carran,3,27,B,Molinia caerulea,70,01/08/2019,,,
Slieve Carran,3,27,B,Neottia ovata,1,01/08/2019,,,
Slieve Carran,3,27,B,Plantago lanceolata,1,01/08/2019,,,
Slieve Carran,3,27,B,Poa pratensis,1,01/08/2019,,,
Slieve Carran,3,27,B,Potentilla erecta,10,01/08/2019,,,
Slieve Carran,3,27,B,Pteridium aquilinum,1,01/08/2019,,,
Slieve Carran,3,27,B,Succisa pratensis,2,01/08/2019,,,
Slieve Carran,3,27,B,Vicia cracca,1,01/08/2019,,,
Slieve Carran,3,28,D,Achillea millefolium,2,31/07/2019,,,
Slieve Carran,3,28,D,Anthoxanthum odoratum,5,31/07/2019,,,
Slieve Carran,3,28,D,Briza media,1,31/07/2019,,,
Slieve Carran,3,28,D,Bryophytes,1,31/07/2019,,,
Slieve Carran,3,28,D,Campanula rotundifolia,1,31/07/2019,,,
Slieve Carran,3,28,D,Carex flacca,20,31/07/2019,,,
Slieve Carran,3,28,D,Centaurea nigra,10,31/07/2019,,,
Slieve Carran,3,28,D,Dactylis glomerata,2,31/07/2019,,,
Slieve Carran,3,28,D,Dactylorhiza maculata,1,31/07/2019,,,
Slieve Carran,3,28,D,Festuca rubra,10,31/07/2019,,,
Slieve Carran,3,28,D,Galium verum,1,31/07/2019,,,
Slieve Carran,3,28,D,Hypochaeris  radicata,2,31/07/2019,,,
Slieve Carran,3,28,D,Litter,75,31/07/2019,,,
Slieve Carran,3,28,D,Lotus  corniculatus,4,31/07/2019,,,
Slieve Carran,3,28,D,Molinia caerulea,30,31/07/2019,,,
Slieve Carran,3,28,D,Pedicularis sylvatica,1,31/07/2019,,,
Slieve Carran,3,28,D,Pimpinella saxifraga,2,31/07/2019,,,
Slieve Carran,3,28,D,Plantago lanceolata,5,31/07/2019,,,
Slieve Carran,3,28,D,Plantago maritima,20,31/07/2019,,,
Slieve Carran,3,28,D,Potentilla erecta,3,31/07/2019,,,
Slieve Carran,3,28,D,Prunella vulgaris,1,31/07/2019,,,
Slieve Carran,3,28,D,Succisa pratensis,4,31/07/2019,,,
Slieve Carran,3,28,D,Trifolium pratense,1,31/07/2019,,,
Slieve Carran,3,28,D,Trifolium repens,1,31/07/2019,,,
Slieve Carran,3,28,D,Veronica chamaedrys,1,31/07/2019,,,
Slieve Carran,3,28,D,Viola riviniana,1,31/07/2019,,,
Slieve Carran,3,29,D,Achillea millefolium,1,31/07/2019,,,
Slieve Carran,3,29,D,Agrostis capillaris,1,31/07/2019,,,
Slieve Carran,3,29,D,Anthoxanthum odoratum,3,31/07/2019,,,
Slieve Carran,3,29,D,Anthoxanthum odoratum,1,31/07/2019,,,
Slieve Carran,3,29,D,Centaurea nigra,5,31/07/2019,,,
Slieve Carran,3,29,D,Dactylis glomerata,40,31/07/2019,,,
Slieve Carran,3,29,D,Festuca rubra,5,31/07/2019,,,
Slieve Carran,3,29,D,Helictotrichon pubescens,3,31/07/2019,,,
Slieve Carran,3,29,D,Holcus lanatus,40,31/07/2019,,,
Slieve Carran,3,29,D,Lathyrus pratensis,40,31/07/2019,,,
Slieve Carran,3,29,D,Litter,85,31/07/2019,,,
Slieve Carran,3,29,D,Lotus  corniculatus,1,31/07/2019,,,
Slieve Carran,3,29,D,Plantago lanceolata,5,31/07/2019,,,
Slieve Carran,3,29,D,Potentilla erecta,1,31/07/2019,,,
Slieve Carran,3,29,D,Pteridium aquilinum,1,31/07/2019,,,
Slieve Carran,3,29,D,Trifolium pratense,20,31/07/2019,,,
Slieve Carran,3,29,D,Trifolium repens,1,31/07/2019,,,
Slieve Carran,3,29,D,Vicia cracca,10,31/07/2019,,,
Slieve Carran,3,29,D,Viola riviniana,1,31/07/2019,,,
Slieve Carran,3,30,A,Dactylis glomerata,5,31/07/2019,,,
Slieve Carran,3,30,A,Festuca rubra,50,31/07/2019,,,
Slieve Carran,3,30,A,Helictotrichon pubescens,2,31/07/2019,,,
Slieve Carran,3,30,A,Holcus lanatus,45,31/07/2019,,,
Slieve Carran,3,30,A,Lathyrus pratensis,75,31/07/2019,,,
Slieve Carran,3,30,A,Litter,95,31/07/2019,,,
Slieve Carran,3,30,A,Plantago lanceolata,1,31/07/2019,,,
Slieve Carran,3,30,A,Potentilla erecta,1,31/07/2019,,,
Slieve Carran,3,30,A,Vicia cracca,5,31/07/2019,,,
